Matches,Recursive calls,Total time,Search time
42,15,0.455208,0.003875
54,23,0.631585,0.007292
49,15,0.340792,0.004042
40,76,0.324959,0.014167
46,97,0.841082,0.036958
40,27,0.394125,0.004125
40,24,0.669667,0.005375
40,22,0.732166,0.005708
40,135,0.868375,0.060875
42,15,0.485375,0.005
40,24,0.472248,0.007041
44,16,0.43929,0.004875
40,73,0.506042,0.008875
42,19,0.404041,0.005958
50,21,0.408708,0.008791
40,49,0.419376,0.0125
40,38,0.417791,0.006
24,57,0.418208,0.011042
40,16,0.304292,0.004167
40,15,0.281166,0.004583
40,14,0.533916,0.004458
40,46,0.440166,0.00925
40,38,0.39371,0.008417
40,19,0.402708,0.005834
56,15,0.46975,0.004542
40,25,0.233458,0.005
364,16,0.762958,0.007416
40,19,0.353292,0.003833
43,21,0.615833,0.008583
54,14,0.392416,0.003708
40,20,0.324541,0.004458
7,18,0.297209,0.00475
40,44,0.835042,0.018375
44,24,0.377793,0.006334
184,137,2.86646,0.106208
40,28,0.395209,0.007584
58,21,0.360209,0.006667
40,20,0.388916,0.004541
40,348,0.532916,0.091958
40,23,0.429084,0.004375
40,42,0.438333,0.010166
52,38,0.383959,0.009417
40,32,0.483,0.009541
45,660,0.962501,0.223917
52,16,0.482335,0.004334
40,20,0.382375,0.004
10,28,0.357625,0.005833
48,15,0.371375,0.004083
56,25,0.580292,0.009708
69,17727,4.87933,4.20029
957,17,0.497124,0.006166
40,22,0.353417,0.004333
40,135,0.690042,0.034375
153,14,0.417625,0.003208
40,27,0.411167,0.005667
40,15,0.356666,0.004375
48,14,0.481001,0.006
40,24,0.372292,0.005209
40,23,0.38754,0.004791
174,115,0.660209,0.041375
40,15,0.294333,0.0045
65,14,0.488043,0.004292
40,24,0.397292,0.004709
40,81,0.487,0.0185
40,87,0.356125,0.01325
40,1663,1.75796,0.615125
40,33,0.359041,0.00725
41,18,0.463417,0.005791
14,15,0.420667,0.004625
45,15,0.329332,0.004291
40,387,1.12429,0.145792
40,41,0.36625,0.00625
40,32,0.388875,0.006458
40,53,0.403625,0.007958
40,20,0.389292,0.004417
40,15,0.391959,0.003959
40,26,1.15425,0.015084
42,23,0.3855,0.006542
40,19,0.358209,0.005417
40,29,0.416042,0.007084
51,15,0.242084,0.003667
40,21,0.361249,0.003625
40,69,0.527541,0.017666
44,14,0.370251,0.004125
50,16,0.345958,0.003958
42,21,0.442833,0.008708
40,39,0.835124,0.012459
42,24,0.42521,0.007209
44,14,0.319874,0.004083
40,29,0.279958,0.005959
40,27,0.611125,0.006375
40,29,0.474166,0.0115
40,16,0.235334,0.003583
40,59,0.250958,0.011708
72,16,0.534958,0.005458
40,213,0.651916,0.063958
40,20,0.332875,0.005209
41,15,0.786625,0.005291
44,141,1.47675,0.120334
40,17,0.428749,0.004375
38,95,0.502541,0.014083
42,25,0.523333,0.005917
40,475,0.581,0.1415
40,35,0.201375,0.010292
42,17,0.362583,0.004625
50,23,0.652499,0.010125
41,23,0.381082,0.005916
54,15,0.732251,0.007125
40,68,0.519666,0.012542
40,31,0.504167,0.007667
55,16,0.61775,0.005167
36,20,0.273625,0.004875
64,17,0.291832,0.004416
46,16,0.299541,0.005125
40,21,0.247414,0.005791
40,32,0.407667,0.006292
42,94,0.563584,0.035167
175,14,0.40225,0.004
40,713,0.931417,0.260292
42,18,0.522334,0.005834
49,19,0.268125,0.003916
40,15,0.356874,0.00375
40,25,0.414625,0.027209
48,17,0.230459,0.006167
90,14,0.334541,0.003208
15,32,0.336292,0.005417
48,14,0.259751,0.002792
45,16,0.303708,0.003875
40,28,0.584333,0.009833
40,33,0.373749,0.007625
41,15,0.28025,0.00375
40,23,0.413499,0.024916
50,15,0.404584,0.004208
40,58,0.275459,0.007417
42,26,0.262166,0.005916
62,17,0.361749,0.004292
40,49,0.348959,0.010375
40,21,0.527959,0.006792
42,70,0.891374,0.026916
40,43,0.428209,0.008584
41,20,0.36925,0.005958
48,187,1.18504,0.089458
40,16,0.2205,0.00375
42,30,0.802627,0.011584
40,28,0.513832,0.012
40,102,0.675458,0.032833
40,15,0.378041,0.004083
41,15,0.261625,0.003166
74,26,0.271833,0.006792
28,31,0.234209,0.008209
40,23,0.340875,0.00675
40,73,0.428041,0.016333
55,44,0.585291,0.014583
40,18,0.277459,0.005125
40,43,0.430458,0.01
40,29,0.356875,0.006792
40,52,0.387792,0.00625
40,98,0.461958,0.013125
47,36,0.51075,0.0115
40,38,0.421666,0.008375
40,21,0.279749,0.004375
40,44,0.400208,0.008166
40,24,0.344626,0.005834
252,14,0.443584,0.003834
47,15,0.286916,0.003958
96,14,0.424542,0.004208
40,28,0.630584,0.010708
40,20,0.267044,0.005584
42,406,1.20663,0.130709
40,26,0.522834,0.012625
40,1531,1.13717,0.4215
44,17,0.425333,0.004791
42,15,0.281292,0.004625
40,71,0.281918,0.011792
41,24,0.27875,0.007833
42,25,0.448042,0.007709
40,56,0.401458,0.010667
54,16,0.493792,0.007625
48,193,0.788416,0.063125
40,27,0.590374,0.007416
40,21,0.562209,0.008834
52,71,1.13892,0.0375
40,56,0.778833,0.01975
28,42,0.261917,0.01025
40,22,0.299792,0.004542
62,18,0.392458,0.005458
45,16,0.222417,0.0045
6,16,0.364291,0.004167
45,14,0.339374,0.004166
40,37,0.357668,0.010959
170,14,0.309667,0.002834
64,32,0.683958,0.012208
408,14,0.302585,0.005042
72,64,0.688543,0.036334
42,2458,2.00692,1.23096
24,1098,1.28513,0.51675
40,89,0.289876,0.019917
40,15,0.339165,0.00325
63,14,0.265792,0.003041
46,15,0.736334,0.007
99,22,0.299667,0.0045
42,316,0.829041,0.086791
40,52,0.331169,0.007792
52,23,0.36029,0.004208
40,37,0.494501,0.011167
40,23,0.157667,0.00625
40,25,0.301874,0.01075
102,22,0.263709,0.004541
40,46,0.255957,0.006333
8,64,0.150209,0.012042
66,23,0.356584,0.005709
40,26,0.3235,0.006666
40,35,0.710416,0.014708
41,23,0.312,0.005292
42,23,0.347125,0.005208
264,22,0.301375,0.003708
40,29,0.412833,0.007333
45,27,0.558042,0.007417
40,39,0.961876,0.014375
40,27,0.310166,0.005458
40,67,0.355876,0.018459
40,37,0.220375,0.00525
42,23,0.254958,0.004875
40,39,1.09029,0.02175
40,32,0.230209,0.005459
40,65,0.477791,0.013083
46,65,0.431084,0.015208
24,39,0.269958,0.006125
45,28,0.403334,0.006209
40,30,0.336376,0.005958
40,26,0.285083,0.004458
40,184,0.601416,0.048541
40,28,0.102959,0.005
40,35,0.3275,0.005917
40,35,0.252,0.007375
40,27,0.315874,0.006166
52,28,0.524,0.007083
42,121,0.53925,0.043125
40,23,0.374375,0.003875
41,22,0.601083,0.00725
45,66,0.831041,0.019208
41,25,0.436957,0.006333
40,38,0.356209,0.008125
40,64,0.33454,0.013583
41,23,0.401917,0.00575
40,44,0.268874,0.006791
40,644,0.630708,0.1565
66,22,0.357043,0.00425
40,43,0.498544,0.009667
40,25,0.593625,0.006375
40,27,0.469458,0.006125
40,169,0.463459,0.025959
40,30,0.258958,0.005125
40,31,0.265041,0.0055
42,24,0.2545,0.00475
40,57,0.279916,0.007625
40,32,0.295374,0.005958
40,28,0.49075,0.004833
16,39,0.313917,0.007375
10,41,0.281375,0.0065
66,28,0.320084,0.014667
43,23,0.231875,0.0045
43,26,0.495208,0.007083
55,34,0.211208,0.008833
52,26,0.26554,0.005458
40,24,0.342959,0.00475
45,23,0.503791,0.005458
40,29,0.64325,0.008375
48,24,0.105667,0.004959
40,34,0.545624,0.011
52,23,0.288666,0.0055
42,23,0.230084,0.004583
40,30,0.401626,0.005709
40,29,0.297959,0.005917
40,36,0.235333,0.008375
270,22,0.391167,0.005084
40,44,0.268917,0.006875
162,23,0.510791,0.006
42,32,0.512167,0.011958
40,26,0.259958,0.006459
48,22,0.2635,0.004625
48,23,0.456542,0.006459
40,25,0.293667,0.006417
40,50,0.248377,0.007375
40,36,0.16046,0.006334
40,57,0.142209,0.009625
48,23,0.291333,0.006417
72,24,0.4035,0.005958
40,129,0.431709,0.022292
40,24,0.203707,0.005208
147,22,0.271583,0.004166
68,24,0.319084,0.0055
40,23,0.324375,0.004791
48,23,0.309082,0.004875
40,45,0.36225,0.0115
58,25,0.250791,0.0055
42,23,0.288042,0.004958
40,101,0.44825,0.011417
40,47,0.342541,0.008792
47,49,0.519501,0.016542
40,46,0.391374,0.009583
40,157,0.254668,0.014834
40,40,0.251001,0.007292
45,25,0.261875,0.004667
46,38,0.399665,0.012333
55,25,0.273459,0.005
40,24,0.469249,0.004958
40,25,0.281667,0.005792
42,34,0.319667,0.008625
45,23,0.405332,0.005208
56,24,0.328833,0.006042
40,52,0.705667,0.01025
54,23,0.439458,0.006125
56,22,0.309874,0.004416
40,35,0.143584,0.005
40,53,0.648251,0.015542
40,33,0.388917,0.004875
45,42,0.488833,0.015209
40,66,0.74825,0.014875
40,29,0.151043,0.006125
40,68,0.341625,0.011833
45,25,0.309665,0.006166
60,22,0.185541,0.009416
52,23,0.113334,0.004917
40,37,0.334833,0.010291
40,24,0.40125,0.005958
70,23,0.268583,0.004583
40,36,0.186543,0.007167
125,23,0.434667,0.005459
100,33,0.622082,0.01725
40,26,0.481625,0.009167
40,32,0.222876,0.005334
41,23,0.296876,0.005292
62,1421,1.58571,0.3935
40,33,0.296249,0.006791
40,31,0.276625,0.0065
45,27,0.225168,0.005292
40,49,0.380916,0.012667
55,23,0.424582,0.005208
40,33,0.270125,0.005
41,23,0.292875,0.005542
44,54,0.490292,0.015917
40,32,0.300166,0.005042
40,39,0.306457,0.007791
50,24,0.215458,0.005208
2,24,0.34446,0.006584
40,32,0.263958,0.006
45,23,0.40671,0.005084
40,30,0.491293,0.00775
47,82,0.746584,0.024042
51,23,0.171167,0.004917
40,26,0.434666,0.005625
40,108,0.39475,0.025542
40,30,0.301042,0.01075
40,31,0.225042,0.006292
3,25,0.370416,0.005583
40,33,0.300373,0.006083
45,22,0.134583,0.005
40,94,0.686,0.022792
40,45,0.431166,0.011125
40,80,0.734625,0.0265
45,64,0.562999,0.016583
40,32,0.272083,0.00775
45,22,0.187958,0.005791
54,31,0.349501,0.00825
40,29,0.561917,0.007209
40,86,0.410666,0.011208
45,22,0.626625,0.005542
45,28,0.279041,0.005208
48,23,0.250167,0.005167
68,23,0.3865,0.005
40,25,0.311,0.006083
42,24,0.408167,0.006167
45,23,0.2925,0.005042
40,24,0.300583,0.005125
40,57,0.357875,0.006
18,101,0.290835,0.021334
44,29,0.342667,0.008125
42,22,0.360832,0.006291
40,37,0.340501,0.009792
40,45,0.321584,0.006917
40,29,0.291124,0.007042
40,1479,1.12983,0.4355
42,28,0.146333,0.006416
40,60,0.339542,0.00975
40,3008,1.56629,0.850625
50,39,0.457792,0.013458
40,45,0.341083,0.010125
40,53,0.374999,0.009958
40,54,0.47075,0.01625
57,23,0.114625,0.004917
40,28,0.249377,0.005459
45,48,0.472917,0.01725
40,25,0.305958,0.005166
42,44,0.57746,0.012875
48,42,0.446083,0.012292
40,46,0.156333,0.006958
41,31,0.290792,0.005917
41,74,0.781084,0.037292
40,27,0.343917,0.005959
40,49,0.381459,0.012042
42,33,0.256667,0.006375
40,167,0.234625,0.016708
46,39,0.518999,0.013875
42,50,0.370459,0.012167
40,31,0.412084,0.005167
42,76,0.358918,0.015625
40,42,0.265374,0.007083
40,49,0.272083,0.009875
40,31,0.199249,0.006166
40,140,0.673124,0.031291
40,58,0.319583,0.012417
40,60,0.370041,0.011458
40,252,0.273833,0.025708
40,42,0.2345,0.010417
40,64,0.293375,0.00825
40,34,0.386708,0.008208
45,30,0.360957,0.006375
238,30,0.363833,0.007833
22,33,0.296418,0.009542
40,84,0.417708,0.010917
54,32,0.434792,0.007875
40,41,0.628541,0.012958
44,32,0.329917,0.007292
40,38,0.168917,0.007333
197,30,0.185542,0.007417
125,30,0.354375,0.007
40,40,0.469,0.007417
40,142,0.878457,0.039333
40,54,0.695667,0.016167
40,35,0.460375,0.006625
55,30,0.357209,0.006375
40,37,0.346293,0.007542
48,33,0.581959,0.009875
42,47,0.485376,0.011416
42,33,0.329,0.007792
45,102,0.636125,0.029416
40,45,0.144918,0.006292
40,70,0.365332,0.012916
40,389,0.627085,0.065209
40,39,0.228291,0.00625
40,56,0.320917,0.008917
45,35,0.376874,0.008291
36,35,0.140501,0.006875
40,59,0.386124,0.008916
40,38,0.289043,0.009625
40,42,0.314416,0.009417
54,30,0.192791,0.007042
40,63,0.343376,0.011084
40,30,0.266125,0.006042
40,95,0.509874,0.027083
40,36,0.294582,0.007208
41,58,0.365458,0.010917
24,57,0.180582,0.011708
40,95,0.357999,0.018542
40,48,0.338457,0.008083
40,30,0.378918,0.008959
41,60,0.30346,0.008084
40,61,0.525458,0.011875
66,31,0.332082,0.007625
40,34,0.381499,0.006041
40,32,0.330126,0.006875
45,33,0.243166,0.00675
62,31,0.250958,0.005166
696,35,0.384208,0.009458
40,37,0.460042,0.007875
40,91,0.769332,0.020666
40,37,0.221667,0.007375
52,36,0.579251,0.011667
40,95,0.32325,0.013458
53,33,0.754749,0.013791
41,31,0.492042,0.005834
40,34,0.254957,0.005708
42,34,0.312959,0.0085
391,30,0.281877,0.005042
40,204,0.490918,0.015459
66,33,0.286376,0.00675
104,40,0.358584,0.008792
40,35,0.240041,0.007958
42,32,0.348542,0.007417
43,47,0.29575,0.010042
44,30,0.31204,0.006291
40,102,0.730249,0.02525
139,30,0.37125,0.010042
40,61,0.616417,0.017417
42,30,0.300792,0.007125
43,35,0.292083,0.0085
40,30,0.258416,0.005666
40,32,0.36821,0.008334
40,45,0.502042,0.011417
40,62,0.391708,0.010666
40,327,0.651709,0.085
341,30,0.298875,0.005167
40,51,0.499834,0.008917
42,33,0.421959,0.008292
45,31,0.379709,0.006292
40,36,0.198584,0.010125
48,3650,1.04558,0.61625
40,38,0.283542,0.007708
40,58,0.297292,0.008083
42,32,0.141416,0.006125
40,53,0.304249,0.008958
70,29315,11.8524,10.4723
40,34,0.441458,0.007667
48,33,0.581041,0.007041
45,31,0.271666,0.006333
62,31,0.449124,0.006625
54,31,0.463126,0.006167
40,32,0.282792,0.008584
40,62,0.421333,0.008583
64,33,0.437208,0.008167
1,31,0.270458,0.0065
40,140,0.706208,0.047958
41,32,0.250959,0.005667
46,33,0.138834,0.004959
40,34,0.159999,0.005833
40,52,0.327542,0.010708
58,48,0.471917,0.0105
40,35,0.318793,0.007417
49,31,0.308459,0.006542
49,31,0.356499,0.006875
58,44,0.265042,0.01
41,31,0.394709,0.007584
45,37,0.3975,0.010583
40,39,0.632209,0.013584
40,40,0.495499,0.00975
40,30,0.275501,0.006125
48,31,0.331043,0.006459
42,31,0.232709,0.0055
40,38,0.286292,0.007125
40,46,0.432916,0.008709
48,32,0.287584,0.005917
40,66,0.320709,0.010083
40,39,0.299458,0.007375
65,31,0.321917,0.006292
40,46,0.393582,0.008416
22,519,0.420083,0.070625
52,32,0.289167,0.007083
42,36,0.385667,0.007125
41,33,0.245083,0.006083
48,31,0.307585,0.006167
40,50,0.420876,0.009417
42,33,0.365126,0.010834
42,32,0.329667,0.007042
48,33,0.409333,0.009917
52,33,0.4885,0.007208
40,111,0.816709,0.016875
40,64,0.395791,0.011708
224,34,0.540999,0.008625
40,67,0.44875,0.015667
40,39,0.600958,0.009334
40,50,0.346082,0.015875
42,32,0.295876,0.006209
60,30,0.320167,0.006084
40,91,0.540834,0.027375
40,80,0.138834,0.013
40,47,0.452917,0.008625
40,31,0.191124,0.006958
40,38,0.250626,0.0075
40,36,0.291332,0.006916
40,89,0.651918,0.02125
40,37,0.255374,0.006292
40,33,0.129625,0.0065
50,34,0.385084,0.007833
40,33,0.241667,0.006375
45,30,0.321292,0.008292
59,32,0.315083,0.007583
45,39,0.282748,0.008041
121,30,0.287584,0.005292
40,38,0.347666,0.006625
65,33,0.307834,0.008083
40,112,0.379958,0.019417
40,33,0.265376,0.005458
53,31,0.458665,0.007583
40,81,0.667792,0.018583
42,31,0.182584,0.006833
40,32,0.247542,0.007417
40,50,0.238958,0.007916
40,36,0.20454,0.007916
40,46,0.569833,0.011334
42,62,0.369458,0.013958
40,40,0.311709,0.006917
40,110,0.400834,0.032708
41,36,0.322208,0.008
42,36,0.283667,0.006875
40,35,0.132168,0.005542
40,34,0.457334,0.007
40,40,0.549166,0.008458
16,38,0.308249,0.006542
48,43,0.680041,0.014583
40,58,0.350707,0.010792
40,62,0.359958,0.0105
40,37,0.164375,0.007542
40,92,0.301626,0.014667
42,31,0.239959,0.007375
40,31,0.259333,0.006375
42,32,0.900167,0.006917
40,33,0.383584,0.007958
46,33,0.438625,0.008958
51,32,0.47,0.009
496,2,0.202876,0.001459
68,2,0.245708,0.001916
43,6,0.463917,0.003958
126,2,0.300585,0.001334
40,10,0.263583,0.002583
259,5,0.270791,0.002833
24,9,0.126459,0.002125
264,2,0.186542,0.001167
42,2,0.204792,0.002208
147,2,0.162334,0.001459
104,2,0.281375,0.001458
216,2,0.236,0.001292
4,6,0.163999,0.002125
45,2,0.262916,0.001417
31,10,0.31375,0.002292
40,28,0.208833,0.005458
92,2,0.282542,0.001208
68,2,0.301333,0.001833
140,2,0.194123,0.001208
40,2,0.231376,0.002
45,2,0.316957,0.001041
24,3,0.17921,0.002459
335,2,0.244749,0.004958
41,2,0.085083,0.00175
288,2,0.211793,0.001083
72,2,0.237542,0.004083
40,9,0.230125,0.002542
608,2,0.194125,0.001583
48,2,0.206041,0.002583
88,2,0.256542,0.001375
2,2,0.211791,0.001209
40,19,0.228416,0.004083
44,2,0.267585,0.001167
63,2,0.419541,0.007541
40,26,0.254291,0.005083
40,6,0.178125,0.002667
40,4,0.063543,0.00275
21,3,0.180541,0.002083
41,2,0.258001,0.002167
40,7,0.275833,0.002708
44,18,0.219709,0.004792
216,2,0.341668,0.001209
40,20,0.110001,0.003375
56,2,0.221958,0.004916
50,6,0.180874,0.00275
40,2,0.204126,0.001375
40,28,0.203459,0.0045
45,2,0.198874,0.001708
170,2,0.244707,0.002041
261,2,0.354917,0.001375
66,2,0.266457,0.001291
2,2,0.174125,0.001417
44,3,0.105792,0.001875
40,11,0.220749,0.002291
45,2,0.198625,0.001333
40,14,0.143834,0.003209
756,2,0.247125,0.001375
40,35,0.320084,0.00625
66,3,0.37175,0.003708
56,2,0.24175,0.001208
40,15,0.226833,0.00275
85,2,0.179916,0.001
1,2,0.187167,0.001458
58,2,0.178457,0.001041
48,2,0.149292,0.001541
4,4,0.203793,0.001167
40,11,0.174833,0.002417
425,2,0.247334,0.001292
92,2,0.244791,0.001291
306,2,0.201083,0.003458
40,24,0.316709,0.005542
41,2,0.111708,0.002125
65,2,0.082166,0.004167
65,2,0.170875,0.002833
140,2,0.172334,0.00125
44,2,0.266582,0.001958
43,3,0.17825,0.001375
19,3,0.224292,0.00175
64,2,0.302041,0.001208
40,26,0.25475,0.005709
90,2,0.202124,0.001708
48,4,0.229168,0.001917
40,18,0.259041,0.00325
46,2,0.205625,0.001292
48,2,0.223958,0.001583
40,2,0.068665,0.002041
90,2,0.192459,0.001042
54,2,0.19525,0.001583
11,11,0.152833,0.001958
522,2,0.43104,0.001208
330,2,0.226833,0.001375
46,3,0.241249,0.0025
40,16,0.3235,0.004083
53,5,0.238291,0.003125
24,19,0.188752,0.002959
60,2,0.30375,0.001625
92,2,0.239291,0.001083
60,2,0.241209,0.000958
40,7,0.110417,0.002125
47,2,0.349333,0.004958
46,3,0.069126,0.002292
56,4,0.204501,0.002542
49,2,0.236126,0.001625
68,2,0.250374,0.0055
11,14,0.276583,0.002375
17,14,0.107125,0.002958
48,2,0.240374,0.002125
40,9,0.242458,0.002708
1,4,0.177543,0.00125
696,2,0.19354,0.001416
41,4,0.244917,0.00275
48,2,0.188251,0.001208
116,2,0.197583,0.001125
3,2,0.226543,0.001292
40,13,0.053541,0.002583
40,21,0.349376,0.005667
45,2,0.201792,0.001875
52,3,0.236917,0.001875
14,3,0.301167,0.002417
304,2,0.18775,0.001125
40,13,0.239666,0.002958
288,2,0.234959,0.001375
665,2,0.313043,0.001334
44,3,0.188042,0.002125
40,18,0.221834,0.004083
546,2,0.264041,0.00125
44,3,0.214791,0.002292
735,2,0.373667,0.001417
40,8,0.195084,0.002292
40,14,0.22125,0.003
22,13,0.182291,0.002625
160,3,0.213667,0.002
40,20,0.350875,0.004042
85,2,0.20696,0.003084
3,10,0.228833,0.002542
84,4,0.181793,0.001959
10,14,0.20146,0.002459
43,4,0.253791,0.0025
56,6,0.269043,0.002958
24,7,0.215125,0.002542
40,7,0.212,0.0025
90,2,0.191458,0.002833
45,3,0.206583,0.002375
40,32,0.343834,0.005959
99,2,0.252125,0.001333
6,23,0.232084,0.005625
86,3,0.286875,0.002208
28,114,0.259208,0.028625
240,2,0.244416,0.001333
261,2,0.412958,0.001583
40,34,0.418459,0.007292
40,19,0.292876,0.003459
522,2,0.347124,0.001166
40,11,0.318083,0.00275
40,4,0.2755,0.002333
40,10,0.212625,0.002583
57,3,0.19821,0.002042
40,11,0.249626,0.003167
40,18,0.210082,0.003541
665,2,0.379625,0.001458
45,4,0.225333,0.002417
45,3,0.305042,0.002667
349,2,0.427084,0.004792
1120,2,0.227332,0.00125
43,2,0.268959,0.001833
40,50,0.262374,0.007666
50,2,0.073375,0.001167
52,2,0.248292,0.001709
40,19,0.222958,0.003375
40,20,0.239833,0.004291
10,19,0.261123,0.002916
900,2,0.175916,0.00125
40,24,0.278417,0.00525
624,2,0.166458,0.001375
57,2,0.147499,0.000916
40,13,0.361626,0.003917
105,2,0.2675,0.00125
630,2,0.269375,0.001375
18,8,0.269332,0.002416
54,4,0.297584,0.001917
270,2,0.286834,0.001167
40,7,0.276791,0.002333
140,2,0.288709,0.001958
216,2,0.298083,0.001375
5,2,0.163209,0.001333
40,7,0.218542,0.002667
40,15,0.344624,0.003667
360,2,0.213043,0.00125
8,5,0.206832,0.001291
117,2,0.276959,0.001209
462,2,0.224416,0.001166
256,2,0.202334,0.0015
40,27,0.251916,0.006375
240,2,0.291124,0.001916
40,12,0.215249,0.002916
40,68,0.413126,0.020209
15,20,0.109917,0.003
153,2,0.24275,0.00125
247,2,0.289124,0.004583
315,2,0.439418,0.001417
48,18,0.411375,0.008334
2,8,0.207291,0.002125
40,25,0.210374,0.00525
40,24,0.650668,0.011542
40,59,0.417876,0.02325
38,16,0.228207,0.004791
40,9,0.21075,0.002875
8,16,0.283833,0.0045
52,8,0.735667,0.005167
4,7,0.234876,0.002334
40,164,0.437167,0.041917
1,8,0.197291,0.002291
54,10,0.388542,0.012209
42,91,0.736499,0.043666
40,136,0.575249,0.041292
36,28,0.234958,0.003792
40,48,0.537374,0.012083
40,13,0.277792,0.003125
40,67,0.749667,0.022709
40,115,0.590791,0.036875
40,44,0.868709,0.019667
40,26,0.097126,0.004709
40,11,0.296125,0.0035
2,8,0.30725,0.00175
40,48,0.941124,0.018417
40,16,0.304374,0.004458
40,233,0.456542,0.057541
4,14,0.231916,0.005
64,16,0.679458,0.008833
40,99,0.503541,0.040667
47,8,0.171082,0.003208
46,8,0.271125,0.003
40,52,0.429916,0.013167
43,42,0.354,0.019791
52,29,0.828208,0.015458
40,93,0.336959,0.021375
42,85,0.3875,0.025959
40,35,0.297082,0.00825
40,15,0.467167,0.006625
40,10,0.200416,0.003541
40,10,0.243876,0.003917
40,19,0.279417,0.003917
40,32,0.210583,0.005458
40,53,0.656625,0.0205
54,8,0.300751,0.003917
9,12,0.203375,0.002334
40,62,0.610082,0.022583
40,46,0.821416,0.017333
50,15,0.650709,0.006583
46,13,0.274667,0.004542
48,7,0.233291,0.002375
47,16,0.206082,0.005375
57,6,0.175294,0.001459
40,22,0.836709,0.011917
46,93,0.479792,0.030459
44,13,0.222792,0.004083
45,12,0.816958,0.011083
40,27,0.271542,0.005042
40,70,0.496708,0.031333
48,11,0.264749,0.004
40,622,0.583166,0.137875
40,15,0.248625,0.0055
1,8,0.170125,0.001917
16,31,0.209792,0.0055
51,27,0.302167,0.007958
40,41,0.879207,0.021041
40,27,0.662,0.012125
45,31,0.979541,0.017208
42,9,0.278751,0.002917
40,181,0.849833,0.082833
40,10,0.254417,0.004417
61,15,0.241834,0.007292
42,7,0.227084,0.002917
50,9,0.249501,0.003458
42,15,0.101,0.003959
40,14,0.702041,0.006958
42,77,0.904,0.037042
24,23,0.376167,0.00575
59,13,0.396417,0.005375
3,7,0.226083,0.002375
40,123,0.590583,0.035125
35,150,0.317501,0.02925
48,17,0.712875,0.010042
40,290,0.559375,0.0665
40,27,0.402209,0.008
11,7,0.225666,0.003333
40,21,0.219541,0.00625
40,49,0.728874,0.025875
40,132,0.64175,0.046458
6,18,0.205416,0.004041
41,102,0.675459,0.034584
40,14,0.288208,0.003708
48,17,0.319457,0.007625
57,78,0.333333,0.02475
42,35,0.579584,0.0155
38,220,0.420833,0.070167
64,7,0.399916,0.00475
5,36,0.145292,0.009583
41,30,0.262334,0.007875
50,22,0.688624,0.011416
43,16,0.186417,0.00375
43,101,0.848833,0.02925
3,9,0.104042,0.002084
40,152,0.305917,0.027916
40,49,0.276833,0.007416
40,195,0.614708,0.055167
40,34,0.233043,0.007625
40,26,0.166834,0.007167
40,67,0.451,0.015333
1,7,0.234125,0.002334
45,183,0.626208,0.067625
40,11,0.428333,0.004583
40,21,0.278959,0.006834
16,246,0.324208,0.07325
30,13,0.299543,0.003583
48,286,0.800958,0.12775
40,29,0.337833,0.00825
42,78,0.908417,0.037875
52,64,0.346835,0.020084
40,14,0.262999,0.005083
40,115,0.582874,0.03925
40,69,0.57129,0.01975
44,20,0.517458,0.009792
24,1114,1.02217,0.380375
40,35,0.59054,0.015583
60,16,0.857666,0.01025
49,8,0.218624,0.00275
12,34,0.454167,0.009959
58,29,0.925,0.016708
40,10,0.276668,0.004334
40,17,0.345834,0.006959
40,89,0.491792,0.0295
41,40,0.170792,0.010167
40,126,0.707959,0.055375
40,31,0.496292,0.017333
40,35,0.411792,0.010792
40,392,0.970585,0.12925
40,17,0.377749,0.006625
42,110,0.671543,0.047875
12,9,0.091041,0.002166
40,6,0.131124,0.002833
42,48,0.698582,0.024416
40,7,0.291417,0.002833
40,33,0.369167,0.007708
40,40,0.203791,0.005458
11,20,0.084041,0.005666
40,29,0.299249,0.006625
40,105,0.940375,0.048167
40,60,0.832041,0.024
40,58,0.522167,0.02725
40,29,0.142917,0.006917
42,15,0.14075,0.006292
40,15,0.542168,0.008459
40,27,0.219749,0.004458
30,9,0.22721,0.002834
48,8,0.221251,0.003542
57,62,0.691749,0.027291
40,23,0.262293,0.005084
40,150,0.437124,0.055916
14,41,0.452126,0.013792
42,23,0.436916,0.008125
40,48,0.772416,0.017416
40,64,0.927833,0.02575
40,39,0.268376,0.00875
40,623,1.29533,0.382458
40,119,0.94375,0.036583
42,46,0.591291,0.016583
40,15,0.372666,0.003375
40,21,0.290292,0.004958
23,30,0.255876,0.00775
41,11,0.32354,0.005416
48,15,0.70379,0.011083
40,8,0.113959,0.003375
41,24,0.184543,0.008375
45,40,0.460833,0.017708
40,7,0.291708,0.003
40,97,0.270374,0.016875
40,124,0.607584,0.046917
40,72,0.506584,0.020375
42,110,0.580251,0.038792
40,17,0.629207,0.00875
40,29,0.195792,0.004042
40,72,0.21546,0.011375
8,103,0.308917,0.027084
40,14,0.192042,0.004709
8,9,0.196374,0.00325
54,17,0.31371,0.006959
40,27,0.249084,0.010084
40,47,0.310749,0.012958
42,40,0.464,0.01075
40,130,0.883833,0.032167
33,8,0.251834,0.004042
50,43,0.487041,0.01725
4,9,0.229416,0.002125
21,104,0.267375,0.021625
42,8,0.222208,0.002583
40,27,0.453709,0.00975
40,152,0.485959,0.040458
40,32,0.362167,0.015542
48,14,0.423666,0.006416
40,19,0.15075,0.004834
4608,1383,0.692085,0.272417
357,12,0.148042,0.003458
52,18,0.326625,0.005333
152,14,0.384166,0.004166
47,14,0.162333,0.004083
40,25,0.330167,0.005208
40,15,0.198083,0.003834
192,14,0.761042,0.008833
1827,13,0.498335,0.004417
2025,13,0.387833,0.003917
52,14,0.36725,0.003833
40,71,0.262708,0.008375
132,20,0.325168,0.005292
40,45,0.412415,0.015541
56,21,0.276249,0.005083
192,13,0.335833,0.003542
40,16,0.412334,0.005083
52,14,0.116875,0.00325
352,13,0.310084,0.004125
88,13,0.520168,0.004709
41,18,0.311041,0.005167
40,28,0.244709,0.008167
60,14,0.219209,0.004625
45,14,0.249542,0.004625
44,20,0.282418,0.005167
10920,13,0.583124,0.00575
4500,13,0.363626,0.004917
43,82,0.756791,0.024208
54,14,0.286458,0.004458
46,13,0.230125,0.0035
152,18,0.474249,0.010042
200,17,0.57725,0.011833
88,13,0.40021,0.004834
138,34,1.24467,0.022084
156,16,0.387499,0.00825
87,18,0.469708,0.007083
64,14,0.22125,0.005291
40,64,0.480624,0.01675
44,14,0.256833,0.003833
40,56,0.437625,0.015667
72,12,0.32875,0.007
90,14,0.343958,0.00375
374,18,0.865584,0.013792
11466,12,0.338917,0.003458
58,13,0.299083,0.002625
12,30,0.324375,0.00675
48,11,0.165958,0.006208
609,14,0.446834,0.004875
78,26,0.609584,0.010417
2394,11,0.443165,0.004875
48,14,0.2245,0.003417
48,14,0.400124,0.006375
153,12,0.253459,0.004125
40,29,0.417292,0.00625
41,15,0.379166,0.006417
80,13,0.252249,0.004459
110,13,0.251375,0.0035
40,25,0.250084,0.005084
174,29,0.502459,0.012417
48,13,0.324167,0.004709
65,14,0.386083,0.00425
90,13,0.245498,0.005083
2450,11,0.356333,0.00375
72,14,0.159708,0.003583
46,18,1.002,0.010541
174,13,0.4315,0.007708
70,17,0.211167,0.004791
650,14,0.151292,0.00525
48,21,0.3035,0.005833
270,20,0.713333,0.012583
48,14,0.291001,0.003667
40,34,0.131166,0.006625
42,18,0.401749,0.00475
40,16,0.3035,0.004833
75,14,0.385541,0.003708
5832,25,0.995793,0.0115
72,15,0.299377,0.006084
40,26,0.451959,0.009666
196,17,0.285542,0.007917
170,13,0.255376,0.002792
324,12,0.253459,0.004958
41,14,0.452458,0.007583
40,31,0.469584,0.009833
1225,17,0.411833,0.0045
42,18,0.451542,0.01075
40,30,0.353083,0.00675
140,17,0.327375,0.004041
480,11,0.385835,0.004209
29106,12,0.254499,0.003542
42,61,0.603167,0.010875
45,15,0.370542,0.004667
360,12,0.209292,0.003875
41,20,0.137291,0.004875
230,13,0.505916,0.004416
48,16,0.491793,0.004625
1820,18,0.450168,0.006042
46,15,0.343376,0.005667
448,20,0.641041,0.007708
189,36,0.461916,0.012625
44,15,0.100625,0.004
42,12,0.157,0.002709
288,22,0.420916,0.012
40,13,0.317666,0.004417
45,13,0.112667,0.005917
90,16,0.601042,0.005417
40,24,0.197792,0.006834
50,14,0.528708,0.005542
42,27,0.396292,0.007417
350,14,0.259208,0.006958
96,16,0.382584,0.008209
40,28,0.279083,0.005958
340,14,0.154583,0.0045
1539,17,0.617416,0.005541
40,18,0.300709,0.004417
264,12,0.266792,0.00525
72,19,0.458542,0.008375
75,11,0.313167,0.016667
198,37,0.455709,0.011209
168,15,0.389916,0.004375
52,13,0.268792,0.002792
800,26,0.343499,0.006791
64,30,0.494209,0.012084
144,13,0.153501,0.003042
100,14,0.277834,0.003083
240,13,0.162708,0.003333
52,11,0.095335,0.003584
4410,11,0.266917,0.00425
61,13,0.412708,0.007166
52,14,0.359375,0.003833
62,13,0.403292,0.007208
120,13,0.290582,0.003208
375,14,0.268793,0.003417
72,13,0.187875,0.004584
40,20,0.376207,0.00675
350,16,0.337875,0.007292
40,26,0.280249,0.011208
40,20,0.419709,0.005167
5236,25,0.762374,0.009458
87,14,0.291166,0.003417
192,15,0.293917,0.003875
168,13,0.895916,0.009541
40,15,0.229583,0.002917
77,17,0.707668,0.008042
52,51,0.452792,0.014042
50,111,0.501208,0.040167
476,13,0.231834,0.003208
76,14,0.285957,0.002916
11914,43,0.357876,0.011334
42,43,0.161416,0.014458
92,14,0.305416,0.003125
42,32,0.291499,0.007833
55,61,0.292792,0.019167
54,12,0.316375,0.003417
44,14,0.358917,0.006167
63,28,0.349501,0.010334
44,23,0.275332,0.004791
42,12,0.356583,0.005291
1600,107,0.596668,0.030334
42,17,0.415792,0.004917
147,14,0.280168,0.003542
175,13,0.183041,0.003292
40,18,0.25425,0.004625
476,14,0.240708,0.003416
56,13,0.398208,0.004291
64,12,0.329124,0.007708
40,27,0.68225,0.008666
96,12,0.246583,0.004375
1536,21,1.04625,0.014542
52,15,0.25925,0.003708
63,49,0.634501,0.017084
40,17,0.222623,0.005416
63,52,0.276709,0.018584
40,36,0.282876,0.008459
585,13,0.347917,0.00325
48,19,0.270749,0.00875
40,48,0.347042,0.00875
5712,13,0.548209,0.005709
13200,20,0.742375,0.0165
44,10,0.711832,0.010875
40,43,0.594001,0.026291
130,15,0.878167,0.011583
56,13,0.493249,0.0075
60,143,0.355417,0.034958
45,14,0.324081,0.006041
62,27,0.386791,0.006333
45,12,0.227374,0.005291
40,20,0.494,0.006209
40,15,0.324708,0.004917
48,14,0.314167,0.003875
170,12,0.263041,0.003791
1176,12,0.435291,0.01
136,14,0.498417,0.004625
324,73,0.642667,0.037583
43,15,0.783584,0.009833
48,79,0.927916,0.029542
156,15,0.310749,0.004083
128,13,0.142126,0.003084
49,14,0.315374,0.003834
1152,22,0.745708,0.010667
3600,16,0.338917,0.005125
51,90,0.886959,0.035167
54,19,0.294001,0.007833
48,22,0.190626,0.013375
151620,26,0.3195,0.007
414,21,0.368374,0.007291
48,32,0.385833,0.0095
1008,23,0.170834,0.005042
3645,43,0.280834,0.008166
40,33,0.374959,0.010083
84,17,0.515501,0.00725
21658,20,0.243833,0.004708
322,903,1.25142,0.317625
104,22,0.376085,0.005125
65,20,0.290876,0.005625
1440,23,0.281833,0.00675
816,18,0.315667,0.005417
1392,20,0.487208,0.005708
3328,21,0.891249,0.006791
48,21,0.305666,0.005625
96,25,0.424125,0.009958
55,22,0.162542,0.006333
1232,20,0.235708,0.005041
224,64,0.914292,0.022542
98,22,0.364125,0.005584
630,70,0.440417,0.015375
2415,56,0.758958,0.017959
240,21,0.364083,0.003625
144,19,0.341083,0.006333
40,19,0.2625,0.007583
93,20,0.308709,0.006875
513,1132,0.73075,0.252125
552,19,0.291792,0.00675
297,20,0.175875,0.0055
41,20,0.312458,0.005458
68,22,0.349125,0.007375
192,22,0.402707,0.005791
42,106,0.420208,0.032208
2576,18,0.277833,0.007667
49,54,0.4645,0.021291
304,37,0.85979,0.012166
120,74,0.317167,0.017417
162,24,0.450126,0.007875
42,19,0.362959,0.008125
748,19,0.297126,0.004667
68,20,0.190709,0.00675
57,26,0.6385,0.007875
93,19,0.271584,0.004542
56,22,0.510125,0.006417
52,18,0.54804,0.005083
273,21,0.228167,0.004917
560,33,0.662,0.012458
62,21,0.394374,0.007458
45,21,0.129123,0.004458
69,20,0.140375,0.004583
40,18,0.311958,0.006334
51,19,0.405876,0.005959
624,19,0.315584,0.005917
96,53,0.357083,0.016916
3024,18,0.35475,0.004917
198,18,0.220918,0.00825
1440,20,0.230334,0.004208
64,21,0.472918,0.005792
150,16,0.468834,0.007042
1560,24,0.381458,0.00975
65,21,0.189418,0.003792
330,18,0.278875,0.0085
120,17,0.4585,0.031917
56,17,0.13975,0.004791
11040,20,0.849875,0.032208
170,20,0.307332,0.005208
186,18,0.29025,0.005208
112,17,0.213582,0.008041
31680,24,0.442333,0.0105
102,18,0.231376,0.005459
260,20,0.55475,0.007041
55,21,0.362041,0.0055
104,19,0.329459,0.009208
168,19,0.295751,0.005042
372,41,0.373541,0.015417
138,21,0.208335,0.003417
126,3015,1.09567,0.5685
42,20,0.343458,0.00625
54,19,0.268459,0.004167
48,21,0.262627,0.00475
42,22,0.119873,0.006958
8160,35,0.316167,0.009958
13860,18,0.445124,0.00475
58,21,0.411666,0.006958
50,20,0.248333,0.00575
1512,21,0.215041,0.004
216,18,0.332875,0.0075
40,20,0.27375,0.004375
96,21,0.179707,0.006333
56,98,0.470376,0.034
56,19,0.278167,0.005875
364320,20,0.369002,0.004459
72,19,0.320251,0.007208
308,20,0.363624,0.006708
42,26,0.661458,0.010083
616,19,0.302209,0.010209
176,21,0.26125,0.003583
2145,25,0.465166,0.011541
207,368,0.386875,0.078459
19584,41,0.496376,0.012584
345,21,0.283416,0.003875
48,385,0.581584,0.084042
81,19,0.492709,0.008
324,19,0.283167,0.007583
240,19,0.380749,0.007333
84,18,0.244666,0.004958
726,18,0.473791,0.006625
360,16,0.388167,0.007708
252,17,0.361083,0.004375
1728,19,0.172667,0.00375
52,26,0.580751,0.008959
1440,17,0.154833,0.004708
210,21,0.555333,0.006167
203,22,0.685209,0.007459
840,18,0.272083,0.003708
76,36,0.31875,0.008542
40,22,0.326834,0.004834
1320,20,0.179416,0.004291
2142,20,0.303292,0.004375
48,18,0.415751,0.007875
504,19,0.229376,0.0065
30628,20,0.295167,0.005667
72,22,0.283333,0.005083
4500,23,0.348166,0.00775
6944,35,0.448043,0.014625
504,183,0.607999,0.033958
95,20,0.277584,0.006292
72,25,0.358083,0.005458
90,29,1.02954,0.016667
58,22,0.334584,0.008167
2375,16,0.266291,0.006583
1584,19,0.24354,0.003708
40,31,0.472375,0.010833
1188,19,0.363542,0.009083
4950,22,0.283501,0.005292
88,21,0.387707,0.007416
63,26,0.443709,0.005708
43,21,0.311375,0.00625
186,18,0.371293,0.006042
3000,20,0.339501,0.0075
96,23,0.335625,0.006417
624,105,0.289582,0.02075
42,22,0.484458,0.005291
162,18,0.520542,0.005333
47,1480,0.915125,0.27
52,20,0.240167,0.004166
1196,19,0.294168,0.004042
101088,75,0.230833,0.019
40,26,0.282082,0.006208
50,22,0.3515,0.004875
44,20,0.309875,0.004792
160,21,0.394293,0.004792
68,21,0.266457,0.004833
48,20,0.677459,0.007084
756,37,0.454833,0.01125
139,21,1.08742,0.010541
45,251,0.496124,0.06525
72,17,0.328876,0.006292
5292,15,0.338083,0.005542
260,16,0.318084,0.00525
75,42,0.586084,0.017667
40,50,0.310625,0.01175
216,18,0.576458,0.004333
40,64,0.372709,0.011417
7056,17,0.309125,0.004666
1023,20,0.450833,0.011791
1440,21,0.367748,0.008916
68,18,0.356584,0.006208
54,20,0.284793,0.006417
3240,20,0.438417,0.006292
42,24,0.400416,0.006541
40,28,0.462583,0.006667
60,21,0.440876,0.004417
408,19,0.550708,0.006541
4200,22,0.360541,0.012875
56,24,0.425625,0.005667
40,33,0.294125,0.007167
54,554,0.621042,0.168542
2016,18,0.27725,0.004375
154,20,0.503209,0.00725
42,916,0.945251,0.296709
966,19,0.530543,0.008042
130,23,0.511458,0.0055
81,25,0.338208,0.007292
132,22,0.5715,0.0075
55,23,0.518126,0.005625
1482,18,0.434375,0.005791
40,21,0.743792,0.012666
182,19,0.286876,0.004584
168,41,0.611251,0.012792
320,401,0.643627,0.113917
4290,20,0.333334,0.00775
48,23,0.286541,0.004541
70,29,0.624832,0.012
14300,16,0.420916,0.006166
126,190,0.782126,0.053625
91,26,0.366748,0.008125
50,25,0.4375,0.00875
87,25,0.461085,0.009875
76,26,0.417959,0.007375
144,27,0.36075,0.008708
1056,26,0.458332,0.006291
48,27,0.282668,0.00575
828,26,0.410124,0.006083
10368,48,0.517334,0.01475
200,23,0.627708,0.006708
396,29,0.706,0.011375
364,25,0.349166,0.006833
264,69,0.480999,0.012833
160,27,0.566167,0.006875
51,27,0.297043,0.005625
600,25,0.414583,0.0095
96,29,0.377208,0.006791
288,26,0.626083,0.011458
156,20,0.3245,0.007125
75,27,0.630625,0.010791
432,27,0.418249,0.008291
96,30,0.555625,0.009209
2160,40,0.364542,0.010875
138,28,0.44275,0.00575
197,27,0.369208,0.007375
736,35,0.776792,0.010541
448,27,0.648999,0.00525
48,57,0.882792,0.021209
264,26,0.793957,0.01125
2515968,26,0.255876,0.007792
1024,22,0.405167,0.009459
2880,31,0.802709,0.010542
1248,27,0.622666,0.0105
6630,35,0.567375,0.011584
162,26,0.515376,0.007542
352,28,0.707916,0.009458
144,27,0.313624,0.00525
528,31,0.32904,0.007791
9384,31,0.757375,0.006
54,27,0.233123,0.005333
208,26,0.407293,0.009584
324,21,0.515708,0.008541
816,25,0.283708,0.004292
1764,52,0.540501,0.01725
99,30,0.450625,0.008375
234,46,0.416418,0.013209
54,24,0.405207,0.007375
192,33,0.407917,0.008833
240,22,0.345125,0.008292
945,36,0.737334,0.012625
216,23,0.393543,0.008417
2970,28,0.332168,0.005542
155,27,0.305333,0.005417
792,34,0.648501,0.011084
880,27,0.471918,0.008875
832,26,0.341999,0.007625
45,171,0.421126,0.018875
40,25,0.477126,0.010459
480,29,0.642916,0.015958
420,3286,1.42392,0.774125
96,26,0.335708,0.006208
234,25,0.607043,0.008584
156240,25,0.384543,0.005542
7296,23,0.530667,0.009709
900,28,0.461626,0.007417
129,28,0.680375,0.010916
54,25,0.335749,0.007416
51,30,0.750332,0.011875
190,25,0.355625,0.006458
1485,22,0.681083,0.00925
6048,71,0.639333,0.0215
1172080,23,0.347124,0.005375
380,25,0.380041,0.009416
162,26,0.31525,0.007459
44,32,0.331208,0.007833
875,42,0.31875,0.0095
552,28,0.452167,0.008
40,28,0.433709,0.006458
114,23,0.430875,0.006625
3915,25,0.345584,0.006125
780,24,0.328291,0.006583
2268,34,0.715542,0.0135
2178,24,0.407083,0.007583
50,645,0.858583,0.172125
2016,27,0.299125,0.004875
68,40,0.505625,0.013791
396,23,0.297291,0.005667
98,25,0.325252,0.007292
44,27,0.488291,0.007833
2808,28,0.536167,0.005708
45,30,0.892625,0.010542
578,24,0.45046,0.007959
84,53,0.609958,0.021875
288,25,0.48625,0.0125
1053,28,0.250626,0.006083
5040,25,0.403583,0.006958
144,28,0.977958,0.015209
1188,28,0.175668,0.005959
336,26,0.317458,0.007
45472,23,0.224833,0.004833
8424,25,0.37275,0.010625
240,69,1.27408,0.029833
15300,23,0.361375,0.012834
45,31,0.689292,0.008667
60,23,0.193418,0.005834
329,27,0.591167,0.011542
54,31,0.394708,0.011458
40,23,0.401625,0.0085
55,39,0.454793,0.010958
156,26,0.831542,0.009292
320,27,0.367583,0.007292
132,45,0.819373,0.017458
680,26,0.266625,0.00475
220,29,0.193125,0.005667
50,36,0.435374,0.012041
96,25,0.373833,0.006667
84,259,0.692083,0.077833
14076,24,0.486916,0.006667
288,24,0.372459,0.006042
1352,26,0.479126,0.008375
270,26,0.349125,0.007125
60,4839,1.94221,1.55517
3420,23,0.611958,0.008292
60,41,0.580374,0.01075
288,24,0.348458,0.008916
2240,25,0.366624,0.005916
464,23,0.394124,0.011166
1344,25,0.360583,0.006208
60,26,0.363084,0.007333
216,28,0.374499,0.005833
1080,26,0.422875,0.006666
40,43,0.279583,0.008792
224,36,0.57125,0.010167
80,26,0.487332,0.007
66,28,0.357333,0.008584
208,27,0.455292,0.006
620,24,0.37325,0.006042
42,40,0.505375,0.009541
84,28,0.225667,0.005208
60,23,0.349292,0.007458
1610,39,0.467292,0.011208
168,27,0.464082,0.009041
1750,24,0.241666,0.00825
286,25,0.591792,0.006958
25344,25,0.515208,0.009833
128,17015,5.43563,4.38104
65,27,0.615333,0.010083
140,31,0.616291,0.007291
44,31,0.486708,0.007834
48,1120,0.633792,0.15825
256,22,0.488749,0.007708
1344,27,0.318291,0.008375
6048,31,0.475833,0.011125
93,489322,215.498,214.828
384,20,0.781583,0.008584
580,28,0.711916,0.010709
525,25,0.378832,0.007166
48,26,0.238166,0.006875
72,24,0.387209,0.005542
115,28,0.798792,0.010167
9520,26,0.308792,0.007583
120,27,0.345292,0.007459
1210,27,0.348292,0.006375
1620,30,0.366333,0.007291
864,28,0.492584,0.007625
76,26,0.430126,0.008917
120,29,0.342416,0.006042
1155,27,0.427999,0.005583
40,31,0.354917,0.005834
76296,29,0.332624,0.008208
208,30,0.513834,0.007167
48,30,0.434001,0.00775
4608,27,0.509251,0.008792
405,37,0.8995,0.01325
45,28,0.31025,0.006
828,73,0.57575,0.0255
504,27,0.382667,0.0075
816,24,0.287458,0.007208
260,38,0.646834,0.014459
54,23,0.378375,0.007292
1728,36,0.426249,0.010083
396,74,0.511583,0.013458
96,28,0.32375,0.007209
224,27,0.298042,0.006958
34224,24,0.305373,0.005541
40,36,1.20862,0.012166
135,34,0.801,0.011875
162,28,0.292793,0.004
810,26,0.577542,0.007417
408,24,0.487875,0.010583
130,31,0.499833,0.006417
69,27,0.295333,0.0085
64,26,0.495,0.006291
112,24,0.419458,0.007959
264,49,0.493124,0.010917
129,47,0.811667,0.015459
450,26,0.431,0.007166
171,29,0.56025,0.009167
880,101,0.632126,0.029792
45,13,0.544332,0.008375
6,12,0.213959,0.003292
40,21,0.188208,0.004292
40,9,0.519,0.005125
40,56,0.364583,0.016333
57,16,0.2105,0.004292
44,5,0.325667,0.002584
8,18,0.207792,0.005958
52,8,0.776416,0.004542
40,14,0.229541,0.003625
66,23,0.294167,0.006208
4,8,0.197416,0.002375
54,10,0.361499,0.005417
90,10,0.663417,0.0055
40,25,0.681833,0.008792
42,8,0.223625,0.002583
40,62,0.445667,0.014042
40,14,0.21575,0.003625
64,6,0.632083,0.004125
47,9,0.624124,0.005083
60,7,0.720792,0.005667
41,7,0.198542,0.002875
40,11,0.287833,0.003542
19,7,0.198041,0.002167
64,7,0.615,0.005084
40,20,0.293834,0.005042
50,8,0.489625,0.0045
40,44,0.245083,0.009125
64,22,0.697333,0.007833
54,8,0.572376,0.005292
57,10,0.191917,0.003042
46,8,0.233458,0.002625
40,35,0.470625,0.011166
42,13,0.433793,0.008792
52,8,0.812375,0.006
40,37,0.317293,0.00725
42,67,0.536708,0.02625
45,25,0.323291,0.008375
100,11,0.310959,0.005334
49,6,0.218709,0.00275
40,9,0.092957,0.003833
60,7,0.335335,0.002834
108,6,0.240083,0.002625
220,26,0.445208,0.010667
42,11,0.350374,0.005041
9,11,0.186208,0.00225
53,10,0.487541,0.008917
60,8,0.796,0.00625
44,9,0.555,0.004417
120,7,0.2895,0.00325
57,7,0.247751,0.0025
40,28,0.307457,0.007375
57,6,0.202292,0.001583
45,8,0.622124,0.006208
64,9,0.423917,0.003583
43,7,0.176751,0.005209
52,7,0.590499,0.004166
40,17,0.243083,0.003667
66,7,0.478208,0.003208
41,9,0.236333,0.002916
46,11,0.445583,0.005333
45,6,0.338458,0.003667
7,25,0.221541,0.006333
58,9,0.115417,0.00325
42,10,0.322918,0.003209
40,8,0.777875,0.005833
40,17,0.771292,0.010958
57,11,0.680334,0.009417
54,6,0.242834,0.002
42,7,0.516041,0.007625
48,6,0.239875,0.002666
62,10,0.342,0.003834
41,28,0.273166,0.007459
43,16,0.077957,0.003958
40,31,0.214374,0.008541
41,7,0.658792,0.004625
192,6,0.753458,0.003958
40,79,0.443249,0.017458
48,34,0.368917,0.015
3,6,0.198417,0.002
43,35,0.494874,0.01275
47,10,0.26054,0.004416
44,9,0.687542,0.005625
52,13,0.476001,0.005834
40,24,0.243041,0.0095
40,30,0.263749,0.007208
40,79,0.326792,0.014125
48,51,0.678542,0.018209
52,8,0.704999,0.0055
24,25,0.238333,0.007916
43,7,0.498332,0.005791
48,7,0.230666,0.002416
600,14,0.295249,0.00625
323,6,0.518875,0.003042
42,18,0.545958,0.005916
40,14,0.44,0.004667
448,9,0.511001,0.00725
42,15,0.249126,0.003792
44,25,0.301958,0.007416
52,9,0.705624,0.005541
40,6,0.197959,0.001417
56,13,0.693792,0.011583
15,8,0.083126,0.002667
40,116,0.293874,0.020041
40,37,0.214334,0.004708
50,7,0.52775,0.004
48,7,0.186502,0.003209
40,37,0.46475,0.00975
51,12,0.41725,0.006
1,7,0.099168,0.002334
40,8,0.512792,0.0045
40,10,0.46225,0.003375
41,21,0.276626,0.007542
34,605,0.466126,0.107208
40,11,0.194792,0.002917
40,11,0.549876,0.005625
42,8,0.403834,0.004375
40,19,0.731208,0.011333
702,7,0.313957,0.003208
70,9,0.227251,0.003042
288,6,0.544792,0.002625
54,8,0.51925,0.005292
42,10,0.518958,0.008292
42,15,0.675042,0.006875
40,25,0.544876,0.010917
62,7,0.852458,0.004541
42,6,0.195583,0.001916
52,6,0.122959,0.002
66,6,0.692042,0.008917
40,21,0.26229,0.006166
42,28,0.364875,0.012417
40,87,0.456168,0.029208
40,25,0.259751,0.005917
63,8,0.456499,0.004083
42,41,0.34625,0.014375
40,52,0.643167,0.017
40,30,0.720875,0.010333
40,37,0.371124,0.008291
44,5,0.584584,0.007917
12,9,0.149958,0.003417
40,6,0.244625,0.002333
44,7,0.487208,0.00425
42,48,0.417749,0.017416
52,23,0.382041,0.008167
47,9,0.188083,0.002917
40,24,0.117167,0.004917
48,7,0.277375,0.004916
45,8,0.632374,0.005083
62,7,0.780833,0.00575
42,39,0.34575,0.014
42,21,0.318083,0.00725
330,12,0.277707,0.005208
78,8,0.452292,0.004708
54,6,0.229626,0.002167
45,7,0.200918,0.004959
50,7,0.242,0.002416
48,12,0.716209,0.007375
40,13,0.213708,0.003417
40,202,0.511833,0.061125
210,6,0.397625,0.002625
42,21,0.40925,0.008666
46,15,0.661875,0.009209
251,6,0.692958,0.007791
42,8,0.280625,0.004416
288,6,0.577083,0.004208
64,7,0.710707,0.005041
42,11,0.523916,0.00475
40,18,0.29975,0.004625
45,7,0.152002,0.002709
44,7,0.234001,0.002209
41,15,0.369125,0.006417
40,6,0.7225,0.005375
40,6,0.137584,0.002542
360,6,0.254958,0.004042
54,8,0.368083,0.005541
41,11,0.19225,0.003625
40,73,0.263207,0.013291
40,8,0.723832,0.005458
42,11,0.44871,0.004959
54,12,0.638501,0.007292
216,10,0.684041,0.007125
42,8,0.196083,0.002625
54,7,0.096582,0.002958
44,72,0.332916,0.016
47,14,0.407292,0.00575
34,8,0.235876,0.006
45,7,0.324875,0.003625
40,9,0.130582,0.00375
40,59,0.35775,0.013625
46,7,0.407916,0.004084
48,7,0.756459,0.004917
36,10,0.239167,0.004125
54,7,0.356749,0.003208
40,10,0.204333,0.007416
45,7,0.164709,0.002917
44,9,0.070625,0.0025
54,13,0.391376,0.006375
40,26,0.33325,0.011167
40,36,0.602583,0.008667
49,17,0.405626,0.006167
