Matches,RecursiveCalls,TotalTime,SearchTime
21,14,0.318167,0.004208
36,23,0.474834,0.007792
32,15,0.238792,0.0035
20,40,0.255999,0.007667
46,97,0.431291,0.033417
20,21,0.265459,0.00375
20,18,0.283209,0.006125
23,17,0.250416,0.004125
24,135,0.717541,0.053375
21,15,0.280334,0.004292
20,17,0.340375,0.005042
22,16,0.252542,0.004417
20,46,0.328375,0.00625
24,19,0.2805,0.005209
22,20,0.331666,0.007
20,45,0.457999,0.012166
20,25,0.228458,0.004791
20,45,0.289168,0.009084
20,15,0.262166,0.0035
20,15,0.259541,0.004875
22,14,0.346001,0.004167
20,42,0.324291,0.00825
20,27,0.266418,0.006667
20,17,0.2435,0.004625
28,15,0.297417,0.004167
20,18,0.220249,0.003875
364,16,0.615959,0.007125
20,17,0.234667,0.003292
21,21,0.464834,0.008
36,14,0.25521,0.003125
20,17,0.226667,0.003833
7,18,0.326874,0.004791
20,42,0.578583,0.015917
44,24,0.242542,0.005875
184,137,1.39271,0.086375
20,20,0.217917,0.006042
29,21,0.283418,0.006125
20,17,0.208791,0.003125
20,342,0.46075,0.088875
20,19,0.3215,0.004042
20,33,0.341125,0.009417
26,35,0.364917,0.008917
20,25,0.392,0.008583
27,660,0.866793,0.216125
26,16,0.316918,0.004042
20,17,0.232125,0.003417
10,28,0.22071,0.005834
24,15,0.233334,0.003667
56,25,0.374792,0.007917
23,17727,4.56075,4.03092
957,17,0.428417,0.005625
20,18,0.1715,0.003583
20,73,0.325374,0.019583
153,14,0.225416,0.002708
20,19,0.240209,0.003959
20,15,0.371209,0.003792
32,14,0.234167,0.00625
20,18,0.252251,0.0045
20,19,0.247709,0.005209
174,115,0.527834,0.037125
24,15,0.259166,0.004208
25,14,0.29575,0.003875
20,19,0.214291,0.00375
20,53,0.174333,0.009833
20,48,0.205583,0.008416
29,1663,1.55042,0.563167
20,24,0.245,0.005458
20,16,0.278042,0.004917
14,15,0.302624,0.003666
30,15,0.318542,0.003917
20,374,0.951875,0.141125
20,25,0.210583,0.004542
20,21,0.228291,0.004625
20,36,0.274042,0.006959
20,17,0.638959,0.003917
20,15,0.266626,0.003959
20,26,0.976793,0.013834
24,23,0.221918,0.006959
20,17,0.340084,0.00475
20,24,0.321876,0.005334
22,15,0.216958,0.002459
20,18,0.175083,0.00325
20,61,0.383292,0.012166
23,14,0.262167,0.004167
25,16,0.394707,0.003708
21,20,0.423667,0.00875
20,30,0.345333,0.008625
22,22,0.378958,0.007167
22,14,0.324542,0.005333
20,23,0.27875,0.005084
20,22,0.552417,0.0055
29,29,0.320916,0.011041
20,15,0.254041,0.003583
21,43,0.273959,0.009125
36,14,0.383915,0.004416
20,181,0.591915,0.048541
20,17,0.303875,0.004375
24,15,0.374917,0.005875
22,141,0.84804,0.080333
20,16,0.228208,0.004
20,82,0.291624,0.0125
20,22,0.265542,0.005084
20,474,0.613707,0.133458
20,32,0.230542,0.008958
21,16,0.265458,0.00425
36,23,0.521959,0.008042
20,18,0.252416,0.004791
27,15,0.591668,0.005709
20,52,0.325416,0.009542
20,22,0.240418,0.005375
21,16,0.525085,0.004167
20,19,0.28475,0.003542
25,15,0.307875,0.004375
27,16,0.276667,0.004792
20,17,0.296876,0.005125
20,22,0.229417,0.004833
21,93,0.470874,0.033208
175,14,0.2205,0.003667
20,711,0.732208,0.2475
20,18,0.361501,0.005542
22,17,0.330375,0.003791
20,15,0.249543,0.003625
20,20,0.31975,0.004667
28,17,0.195749,0.003833
90,14,0.202876,0.003
15,32,0.195084,0.006084
48,14,0.252792,0.003125
30,16,0.284208,0.004083
20,24,0.389916,0.008583
20,24,0.276169,0.005459
23,15,0.189167,0.003125
20,18,0.238542,0.005458
25,15,0.237084,0.003834
20,32,0.188042,0.004208
21,20,0.221457,0.004625
31,16,0.320999,0.003416
20,43,0.2305,0.008792
20,18,0.382626,0.004667
21,68,0.635665,0.025125
20,27,0.330042,0.005541
20,18,0.321084,0.005167
22,184,1.13933,0.084792
24,14,0.206708,0.003292
21,30,0.630416,0.010375
20,27,0.378709,0.01075
20,70,0.428957,0.015416
20,15,0.231833,0.004666
41,15,0.23825,0.003334
37,26,0.278708,0.007292
20,29,0.234125,0.00725
20,18,0.262875,0.005542
20,64,0.273333,0.015
25,44,0.602168,0.014792
20,15,0.292709,0.004625
20,31,0.387709,0.007875
20,22,0.351125,0.006083
20,32,0.269084,0.004834
20,47,0.351083,0.007
27,36,0.45725,0.011292
20,25,0.313791,0.006209
20,18,0.460042,0.008292
20,23,0.290833,0.005
20,17,0.327457,0.006166
252,14,0.436874,0.004416
21,15,1.50229,0.003625
96,14,0.269833,0.004
24,27,0.572249,0.010708
20,17,0.224291,0.00475
22,396,0.974292,0.13
20,19,0.250124,0.004708
20,1529,0.998875,0.380625
22,17,0.228124,0.003875
25,15,0.256873,0.004208
20,42,0.249666,0.009875
26,24,0.2825,0.007083
24,21,0.265625,0.006375
20,41,0.343333,0.007916
36,16,0.415333,0.00625
24,193,0.773791,0.066875
20,20,0.386208,0.005958
20,20,0.490917,0.008667
26,71,1.18958,0.040792
20,42,0.632041,0.0185
20,39,0.302165,0.009375
20,18,0.246959,0.003458
31,18,0.239043,0.004667
27,16,0.09675,0.003875
6,16,0.429834,0.003709
27,14,0.235625,0.003166
20,34,0.257041,0.009666
170,14,0.230084,0.0025
32,32,0.51325,0.011792
408,14,0.282292,0.004833
72,64,0.681041,0.035708
21,2456,2.00375,1.26596
21,1097,1.25792,0.491917
20,58,0.283001,0.013042
24,14,0.217292,0.004459
63,14,0.241668,0.003459
23,15,0.605208,0.006417
99,22,0.280583,0.00475
28,316,0.693542,0.075667
20,38,0.247875,0.006458
26,23,0.292375,0.003791
20,35,0.266668,0.009542
20,23,0.149584,0.005292
21,25,0.323209,0.009042
102,22,0.124708,0.004625
20,41,0.216292,0.005667
8,64,0.222749,0.01275
33,23,0.432792,0.005125
20,24,0.333458,0.006166
20,28,0.703376,0.009292
25,23,0.215417,0.004708
28,23,0.327251,0.005542
264,22,0.295292,0.00425
20,26,0.327875,0.007125
29,27,0.424874,0.006833
20,32,0.9815,0.014
20,25,0.288375,0.0045
20,37,0.360375,0.009875
20,27,0.266,0.00375
21,23,0.277959,0.005208
20,39,1.05483,0.023
20,26,0.339709,0.004667
20,60,0.399542,0.012458
23,65,0.424291,0.015292
20,38,0.190541,0.005041
27,25,0.262917,0.005292
20,24,0.306166,0.004416
20,25,0.226001,0.004292
20,177,0.574291,0.043958
21,26,0.125,0.004583
20,28,0.272292,0.005375
20,29,0.203083,0.006958
20,24,0.340499,0.006083
22,27,0.394,0.006583
21,116,0.504624,0.044208
24,23,0.427416,0.004708
30,22,0.403084,0.006042
29,66,0.849793,0.019
20,23,0.254208,0.005542
20,30,0.41425,0.006334
20,39,0.340749,0.007333
21,23,0.289541,0.003917
20,34,0.236667,0.005417
20,642,0.622541,0.146125
66,22,0.223417,0.005042
20,28,0.494084,0.007292
20,23,0.433,0.006166
20,25,0.30125,0.006209
20,105,0.410125,0.020792
20,29,0.265458,0.007416
20,26,0.23975,0.005084
21,23,0.233583,0.004792
20,38,0.255625,0.006292
20,26,0.259291,0.005375
20,26,0.286916,0.004583
16,39,0.252416,0.007791
10,41,0.223458,0.006583
33,28,0.297626,0.006542
30,23,0.339291,0.004958
22,26,0.379834,0.007292
23,30,0.330249,0.007875
26,26,0.307874,0.005708
20,23,0.257918,0.004959
27,23,0.679416,0.007083
20,28,0.540457,0.008916
24,23,0.221834,0.005084
20,34,0.576833,0.011417
34,23,0.265125,0.005708
21,23,0.24721,0.005084
20,28,0.318542,0.00675
20,27,0.299752,0.005917
20,35,0.346833,0.00775
270,22,0.39675,0.005375
20,32,0.265792,0.00625
162,23,0.555876,0.006209
21,31,0.44125,0.010417
20,25,0.278043,0.006834
22,22,0.269916,0.005166
24,23,0.335208,0.006791
24,25,0.278459,0.009042
20,34,0.242124,0.005708
20,28,0.2995,0.005542
20,39,0.2725,0.007667
32,23,0.489875,0.006166
72,24,0.282459,0.006917
20,100,0.288708,0.034208
20,23,0.314751,0.005667
147,22,0.1455,0.004834
34,24,0.268959,0.006209
20,22,0.276916,0.004917
24,23,0.276916,0.006708
22,44,0.434417,0.0115
29,23,0.290292,0.00525
21,23,0.273,0.004792
20,59,0.238375,0.0085
20,39,0.236916,0.008
30,49,0.303126,0.015083
20,39,0.268751,0.009417
21,91,0.246459,0.011167
20,30,0.239583,0.006417
30,24,0.2955,0.005417
30,36,0.485584,0.012458
55,25,0.296001,0.005958
22,23,0.36804,0.005166
20,24,0.310833,0.006125
21,31,0.282,0.00775
27,23,0.439583,0.004583
28,24,0.324043,0.00525
20,38,0.599708,0.0085
27,23,0.229999,0.005917
28,22,0.332375,0.0045
20,29,0.248499,0.004875
20,47,0.476416,0.014834
20,28,0.339917,0.005042
27,40,0.492126,0.015666
20,43,0.82625,0.011875
20,26,0.312415,0.005916
20,51,0.334376,0.010292
21,23,0.309208,0.005166
30,22,0.172875,0.005166
35,23,0.141709,0.005042
20,31,0.341958,0.008875
20,23,0.29446,0.005834
35,23,0.281792,0.004042
20,28,0.213126,0.005584
125,23,0.22425,0.005625
100,33,0.485125,0.012625
20,25,0.500625,0.009
20,27,0.243001,0.004834
26,23,0.305249,0.005291
31,1417,1.49475,0.37775
20,27,0.293792,0.005625
20,26,0.233917,0.005709
27,26,0.231166,0.005625
20,41,0.419583,0.009542
34,23,0.430624,0.004958
20,28,0.274001,0.004875
25,23,0.285541,0.005583
22,54,0.372208,0.013125
20,27,0.274166,0.004375
20,33,0.241874,0.007291
25,23,0.369833,0.005417
2,24,0.303,0.0065
20,26,0.248959,0.004959
20,23,0.330375,0.005292
20,25,0.316791,0.00575
20,76,0.598123,0.023291
34,23,0.297916,0.005041
20,23,0.260751,0.005125
20,107,0.343041,0.025417
20,26,0.266042,0.005375
20,27,0.221625,0.005959
3,25,0.239751,0.005542
20,28,0.323542,0.005541
27,22,0.310542,0.004917
20,76,0.719874,0.019375
20,35,0.45996,0.010584
20,63,0.725167,0.024917
27,64,0.470208,0.016416
20,28,0.269501,0.007084
27,22,0.265917,0.006042
36,31,0.30725,0.008875
20,27,0.3905,0.007083
20,69,0.273916,0.00975
30,22,0.605458,0.005584
26,28,0.266333,0.0055
32,23,0.264001,0.005375
34,23,0.357042,0.005333
20,24,0.315417,0.005875
21,23,0.319875,0.006
27,23,0.308499,0.005125
22,23,0.256708,0.004208
20,39,0.140959,0.005042
18,101,0.22425,0.020917
22,27,0.348542,0.007667
20,22,0.313457,0.006708
20,32,0.283042,0.008875
20,34,0.291001,0.005875
20,27,0.223416,0.005917
20,1447,1.1285,0.425209
21,25,0.175917,0.005375
20,43,0.349126,0.009167
20,3005,1.73325,0.893959
30,38,0.475167,0.012708
20,43,0.296166,0.009125
20,42,0.360666,0.008958
20,53,0.456792,0.015458
38,23,0.114875,0.004375
20,26,0.27525,0.005125
27,48,0.42675,0.019125
24,25,0.267875,0.004792
21,37,0.509207,0.011708
24,42,0.389917,0.012541
20,34,0.140916,0.006208
23,29,0.24525,0.005791
21,73,0.778416,0.04
20,25,0.267167,0.005917
20,42,0.402085,0.012917
21,31,0.180916,0.006375
20,97,0.156584,0.0125
21,39,0.3245,0.009917
22,49,0.321292,0.012042
20,31,0.248042,0.005125
21,71,0.214084,0.016042
20,36,0.240542,0.005959
20,42,0.230251,0.008792
20,31,0.145792,0.005916
20,86,0.573,0.023167
20,49,0.287708,0.011667
20,43,0.373332,0.009791
20,59,0.277251,0.009917
20,41,0.258208,0.010792
20,46,0.317043,0.00725
20,32,0.345376,0.008042
30,30,0.378001,0.006042
28,30,0.356292,0.006875
22,33,0.304708,0.008416
20,58,0.408084,0.009292
36,32,0.347709,0.008542
20,36,0.521,0.010875
22,31,0.301584,0.006917
20,34,0.160709,0.00675
21,30,0.137835,0.008209
125,30,0.327958,0.007333
20,34,0.528625,0.00725
20,103,0.799208,0.03325
20,40,0.626666,0.013625
20,33,0.315459,0.006167
55,30,0.325374,0.007292
20,35,0.346876,0.006917
32,33,0.480167,0.008917
28,46,0.453833,0.011459
21,32,0.37925,0.00775
27,80,0.584083,0.023958
20,37,0.151042,0.006417
20,56,0.200499,0.010666
20,261,0.599251,0.04525
20,34,0.220125,0.005625
20,43,0.365042,0.008
27,32,0.319792,0.007917
20,34,0.275123,0.005541
20,45,0.303625,0.007625
20,38,0.230166,0.009208
20,35,0.35025,0.008042
54,30,0.193124,0.0065
20,46,0.387,0.009084
20,30,0.305499,0.006292
20,66,0.503958,0.021
20,34,0.355667,0.007583
22,45,0.211124,0.009208
20,54,0.190958,0.010042
20,55,0.363584,0.014792
20,38,0.341792,0.00725
20,30,0.322,0.00775
21,42,0.310749,0.006916
20,45,0.488668,0.010125
33,31,0.402291,0.007
20,33,0.304668,0.005709
20,31,0.296584,0.006458
27,33,0.258458,0.006791
31,31,0.275874,0.006041
696,35,0.396,0.011375
20,33,0.369916,0.006875
20,66,0.6795,0.016334
20,34,0.205583,0.006708
26,36,0.447666,0.011333
20,58,0.288666,0.01
23,33,0.700334,0.014792
27,31,0.482833,0.006125
20,33,0.30425,0.005833
21,32,0.344833,0.008333
391,30,0.219416,0.009458
20,117,0.407583,0.01375
33,33,0.172085,0.006709
104,40,0.361624,0.008167
20,33,0.245125,0.0085
28,31,0.388209,0.006917
24,47,0.3025,0.010042
44,30,0.332208,0.006791
20,85,0.812917,0.019875
22,30,0.39579,0.013416
20,54,0.707708,0.016542
28,30,0.316542,0.005375
20,34,0.287957,0.008541
24,30,0.327124,0.005541
20,31,0.341959,0.007959
20,39,0.436832,0.0105
20,45,0.372417,0.008709
20,181,0.665834,0.052833
341,30,0.21125,0.005625
20,41,0.492709,0.00875
21,33,0.424833,0.0085
27,31,0.330043,0.013834
20,35,0.302876,0.010584
24,3648,0.932417,0.607625
20,34,0.174791,0.007208
20,42,0.274542,0.007167
21,31,0.263958,0.005833
20,38,0.280208,0.007041
35,29315,11.4257,10.075
20,31,0.357249,0.007083
24,33,0.518124,0.00775
30,30,0.303626,0.005667
31,31,0.363541,0.005583
20,31,0.404918,0.006
24,32,0.430293,0.008792
20,38,0.409334,0.007334
32,33,0.41525,0.007875
1,31,0.280959,0.006667
20,132,0.746332,0.048916
21,31,0.249792,0.005333
22,30,0.154459,0.004708
20,33,0.182416,0.006
20,39,0.295208,0.008625
29,48,0.439418,0.010959
20,33,0.3485,0.00725
22,31,0.372792,0.006208
20,31,0.361999,0.007208
35,44,0.420875,0.011584
20,31,0.436708,0.008583
30,37,0.411083,0.011125
20,37,0.541209,0.010583
20,34,0.364541,0.008708
26,30,0.293542,0.006375
24,31,0.280917,0.006042
21,31,0.225292,0.005208
20,36,0.301124,0.007208
20,36,0.323792,0.007542
24,31,0.322666,0.0065
20,49,0.260709,0.00675
20,35,0.326917,0.00725
37,31,0.549751,0.007
20,40,0.327584,0.007834
20,426,0.396501,0.061042
21,31,0.422167,0.006584
21,34,0.446166,0.007
20,31,0.251251,0.005667
24,31,0.2765,0.005292
20,47,0.422,0.013875
28,33,0.350125,0.010375
21,31,0.279875,0.006334
24,32,0.427001,0.009875
52,33,0.495166,0.007958
20,69,0.916916,0.012708
20,35,0.407917,0.009042
224,34,0.585208,0.007667
20,65,0.391041,0.015583
24,38,0.460791,0.009583
20,48,0.320333,0.015458
24,32,0.275374,0.006542
60,30,0.268875,0.005583
20,51,0.536752,0.014917
20,54,0.279916,0.011
20,39,0.459835,0.007834
23,30,0.315957,0.006833
20,35,0.321168,0.007375
20,34,0.261793,0.006167
20,77,0.67196,0.020292
20,34,0.274958,0.00625
22,32,0.324168,0.006584
25,33,0.331208,0.007666
20,32,0.146916,0.006416
27,30,0.317375,0.007709
20,31,0.311084,0.006167
20,38,0.277167,0.007917
121,30,0.277291,0.005167
20,33,0.222958,0.006
33,32,0.240082,0.005916
20,73,0.381708,0.014042
20,32,0.286375,0.005833
24,31,0.495833,0.010208
20,62,0.664417,0.016167
21,31,0.327708,0.007083
20,31,0.393874,0.0075
20,41,0.24725,0.006542
20,33,0.257666,0.006792
20,40,0.52925,0.010083
21,62,0.314123,0.013291
20,34,0.285126,0.00775
20,110,0.509916,0.03325
24,32,0.294791,0.007208
22,35,0.272958,0.007042
20,32,0.299376,0.00625
20,32,0.348333,0.007291
20,33,0.438542,0.007917
16,38,0.165584,0.006959
24,43,0.705208,0.015375
20,38,0.30625,0.008
20,47,0.362792,0.011084
20,34,0.298249,0.007041
20,60,0.33771,0.011125
24,31,0.170293,0.007167
22,31,0.245667,0.005375
21,31,0.6255,0.006084
20,31,0.362292,0.00825
23,33,0.514458,0.008583
34,32,0.494958,0.009042
496,2,0.223126,0.001542
34,2,0.272499,0.001708
21,5,0.217374,0.002875
126,2,0.194667,0.001542
20,5,0.322125,0.001917
259,5,0.222417,0.002875
20,8,0.212584,0.002167
264,2,0.208751,0.001375
20,2,0.197209,0.001584
147,2,0.193333,0.0015
104,2,0.254042,0.001292
216,2,0.328208,0.001542
4,6,0.196791,0.002458
45,2,0.226833,0.00125
20,7,0.16275,0.001833
20,12,0.257917,0.002875
92,2,0.300416,0.001542
68,2,0.308999,0.002583
140,2,0.210583,0.00175
22,2,0.199751,0.001792
45,2,0.309417,0.0015
21,2,0.210167,0.002125
20,2,0.247833,0.004458
41,2,0.090168,0.001417
288,2,0.190959,0.001875
72,2,0.235751,0.003292
20,5,0.284499,0.001916
608,2,0.219083,0.001625
48,2,0.255624,0.003291
88,2,0.285709,0.001458
2,2,0.186792,0.00175
20,15,0.230375,0.003542
44,2,0.287292,0.00225
34,2,0.259167,0.008875
20,12,0.242042,0.003084
20,3,0.177208,0.002375
22,4,0.057584,0.002417
21,3,0.208584,0.00175
22,2,0.209916,0.00225
20,5,0.237083,0.00225
20,10,0.260543,0.004792
216,2,0.352168,0.001709
20,13,0.091624,0.00275
24,2,0.225376,0.004625
21,2,0.206667,0.00175
24,2,0.195167,0.001959
20,11,0.189042,0.0025
20,2,0.208332,0.001208
170,2,0.237166,0.002375
261,2,0.4,0.001417
66,2,0.228416,0.001375
2,2,0.168959,0.001583
44,3,0.091459,0.001792
20,6,0.227292,0.002042
45,2,0.226875,0.001375
20,9,0.156416,0.002375
756,2,0.287041,0.001791
20,13,0.332458,0.003875
33,3,0.291709,0.002584
56,2,0.211625,0.00125
20,8,0.198709,0.001875
85,2,0.214249,0.001541
1,2,0.197792,0.002208
58,2,0.209416,0.001416
24,2,0.199459,0.002042
4,4,0.193082,0.001375
20,6,0.198542,0.001917
425,2,0.263125,0.001542
92,2,0.274915,0.001583
306,2,0.2415,0.003625
20,16,0.311332,0.004708
24,2,0.10225,0.001542
28,2,0.081834,0.003417
65,2,0.174832,0.002208
140,2,0.157792,0.001041
25,2,0.251833,0.001958
43,3,0.178291,0.001333
19,3,0.17304,0.001375
64,2,0.240542,0.000916
20,18,0.286541,0.00475
36,2,0.230959,0.001959
32,4,0.280958,0.002375
20,9,0.205875,0.002292
46,2,0.284418,0.001584
48,2,0.242207,0.001166
26,2,0.091165,0.001791
90,2,0.188791,0.001166
36,2,0.234251,0.001667
11,11,0.14425,0.002167
522,2,0.215625,0.0025
330,2,0.269791,0.006125
22,2,0.19325,0.00125
20,10,0.285834,0.002625
20,2,0.222084,0.002417
20,19,0.220333,0.003208
28,2,0.191249,0.001375
92,2,0.217124,0.001541
60,2,0.277665,0.001416
20,5,0.154833,0.001958
24,2,0.161168,0.003917
20,3,0.058667,0.002042
20,2,0.211499,0.001708
26,2,0.106001,0.001292
34,2,0.203249,0.005875
11,14,0.216959,0.00275
17,14,0.072126,0.003625
28,2,0.254498,0.001333
20,5,0.275375,0.001792
1,4,0.192749,0.001
696,2,0.270208,0.001375
31,3,0.225833,0.002291
48,2,0.155167,0.001375
116,2,0.201083,0.001375
3,2,0.171209,0.001709
20,7,0.120125,0.001875
20,12,0.395958,0.003208
34,2,0.157084,0.001458
26,3,0.5315,0.001709
14,3,0.215542,0.002
304,2,0.216749,0.002166
20,8,0.217792,0.001833
288,2,0.2135,0.001125
665,2,0.379167,0.001417
44,3,0.213083,0.002458
20,11,0.108332,0.0025
546,2,0.235041,0.0015
20,2,0.184917,0.001
735,2,0.124999,0.001125
20,6,0.184168,0.001667
20,8,0.15525,0.00175
20,11,0.18575,0.002292
20,2,0.072667,0.00175
20,8,0.192166,0.001958
85,2,0.293083,0.003417
3,10,0.198751,0.002541
36,4,0.059668,0.001834
10,14,0.228082,0.002708
25,4,0.130417,0.002625
25,3,0.329959,0.001709
20,2,0.160083,0.001958
20,5,0.212332,0.001625
90,2,0.179375,0.002625
24,2,0.182543,0.000959
20,17,0.240042,0.003416
99,2,0.074708,0.001125
6,23,0.171624,0.005875
32,2,0.152415,0.000958
20,50,0.233082,0.014542
240,2,0.115917,0.001583
261,2,0.34346,0.002125
20,31,0.173082,0.0065
20,12,0.092459,0.0025
522,2,0.363625,0.001708
20,5,0.427001,0.002125
24,3,0.218374,0.00225
20,6,0.243917,0.001917
38,3,0.209374,0.002041
20,5,0.242084,0.001959
20,13,0.198375,0.0025
665,2,0.292458,0.00125
27,4,0.206625,0.001916
20,2,0.223249,0.002166
24,2,0.242375,0.004458
1120,2,0.154415,0.001125
22,2,0.160542,0.00125
20,25,0.279666,0.004167
50,2,0.11575,0.001541
34,2,0.267626,0.002917
20,12,0.274041,0.002708
20,18,0.258707,0.003958
10,19,0.235792,0.002792
900,2,0.181834,0.001417
20,17,0.233957,0.004333
624,2,0.180249,0.001292
57,2,0.071791,0.001833
20,6,0.30175,0.002042
105,2,0.181083,0.000833
630,2,0.267499,0.001291
18,8,0.083251,0.002625
36,3,0.29675,0.002042
270,2,0.284625,0.001417
20,5,0.438377,0.002042
140,2,0.311125,0.001291
216,2,0.251166,0.001208
5,2,0.142709,0.001458
20,5,0.199209,0.001792
20,7,0.317707,0.002083
360,2,0.193,0.001292
8,5,0.0535,0.001291
117,2,0.261543,0.001209
462,2,0.209625,0.001
256,2,0.180708,0.001041
20,16,0.295376,0.0035
240,2,0.344791,0.002625
20,7,0.237626,0.002125
20,30,0.351832,0.007833
15,20,0.089459,0.002875
153,2,0.240751,0.001209
30,2,0.17925,0.00425
315,2,0.3105,0.001
24,14,0.377333,0.006125
2,8,0.204834,0.00225
20,14,0.167918,0.003708
20,22,0.592916,0.011084
20,43,0.432625,0.017083
38,14,0.234,0.003875
20,7,0.2045,0.003125
8,16,0.199918,0.004709
26,8,0.76725,0.006125
4,7,0.221625,0.002583
20,156,0.255792,0.036208
1,8,0.196957,0.002375
27,10,0.331834,0.005542
24,91,0.649501,0.046042
20,129,0.476126,0.040083
20,19,0.241291,0.00225
20,34,0.434708,0.009
20,10,0.237876,0.002542
20,58,0.429459,0.020916
21,93,0.553834,0.034
20,37,0.820375,0.019125
20,19,0.116791,0.003667
20,10,0.339625,0.003792
2,8,0.215374,0.002041
20,34,0.986958,0.01725
20,15,0.273041,0.004833
20,139,0.400626,0.0365
4,14,0.200375,0.004709
32,15,0.529791,0.007917
20,92,0.486167,0.042
20,6,0.172876,0.002584
46,8,0.227,0.003083
20,35,0.430499,0.011208
31,28,0.270875,0.012042
26,15,0.850333,0.009333
20,57,0.351833,0.01425
20,70,0.3785,0.023542
20,33,0.213333,0.008083
20,13,0.253626,0.00675
20,8,0.183918,0.003292
20,8,0.096334,0.003417
20,11,0.338041,0.003458
20,22,0.220876,0.004959
20,43,0.466624,0.019208
27,8,0.288459,0.003584
9,12,0.088624,0.0025
20,36,0.628999,0.013208
20,25,0.896082,0.013208
25,10,0.512541,0.005666
22,13,0.248748,0.004791
37,7,0.281584,0.003
22,10,0.309543,0.004459
57,6,0.159667,0.002
24,20,0.74875,0.011791
27,20,0.445375,0.008292
23,12,0.140416,0.003125
27,10,0.712625,0.006125
20,20,0.230292,0.003625
20,68,0.345251,0.030959
20,9,0.206707,0.002916
20,599,0.531749,0.131333
20,12,0.257708,0.00475
1,8,0.177876,0.001875
16,31,0.198624,0.005875
34,27,0.207792,0.008458
20,37,0.722374,0.021875
20,22,0.590457,0.011416
23,27,0.779582,0.014375
24,8,0.184999,0.002167
20,175,0.638166,0.079541
20,8,0.201998,0.005291
33,15,0.18225,0.005792
24,7,0.19125,0.002333
34,9,0.184125,0.002875
21,11,0.064334,0.002709
21,14,0.659332,0.006416
24,75,0.7895,0.035958
20,20,0.345874,0.005125
37,13,0.380582,0.005666
3,7,0.310583,0.002334
20,119,0.555999,0.033083
20,81,0.242666,0.015708
24,17,0.683875,0.009208
20,183,0.464083,0.041166
20,16,0.175457,0.005083
11,7,0.231876,0.003042
20,16,0.253251,0.00475
23,48,0.587624,0.02525
20,116,0.530833,0.033916
6,18,0.226958,0.00425
21,100,0.667375,0.033208
20,9,0.314918,0.002459
24,17,0.369625,0.008209
38,76,0.44725,0.025916
21,13,0.567708,0.007625
20,22,0.336125,0.008958
32,7,0.447291,0.004167
5,36,0.094834,0.008709
20,16,0.228792,0.00475
25,20,0.678668,0.010917
20,9,0.151335,0.002417
23,101,0.788418,0.027417
3,9,0.066792,0.001708
20,107,0.248459,0.017833
20,25,0.328124,0.004458
20,190,0.647124,0.054083
20,24,0.189999,0.005791
20,15,0.225709,0.005
20,36,0.459915,0.011291
1,7,0.184249,0.0025
27,181,0.563499,0.068125
20,9,0.359793,0.004209
20,16,0.235333,0.006083
16,246,0.342249,0.059041
21,11,0.193,0.002291
24,286,0.814584,0.122792
20,27,0.299458,0.007792
24,38,0.671332,0.0195
26,64,0.330209,0.021125
20,12,0.296417,0.005417
21,93,0.554416,0.035041
20,59,0.562292,0.018791
25,15,0.566917,0.006292
20,1019,0.939292,0.357875
20,29,0.553459,0.011792
30,16,0.742,0.009875
49,8,0.200418,0.002709
12,34,0.244251,0.009833
29,29,0.763292,0.015583
20,10,0.24375,0.0045
20,16,0.304292,0.00675
20,84,0.514958,0.031084
21,21,0.270792,0.006792
20,119,0.721751,0.053209
20,29,0.491873,0.016416
20,29,0.537041,0.011166
20,390,1.03575,0.12775
20,10,0.384458,0.00475
24,110,0.666542,0.052084
12,9,0.211375,0.002166
30,6,0.205582,0.002416
21,48,0.723291,0.024375
20,7,0.312334,0.0025
20,22,0.343417,0.006375
20,24,0.233833,0.00425
11,20,0.281916,0.006292
20,23,0.279416,0.005333
20,104,0.863292,0.050167
20,51,0.908042,0.023542
22,53,0.534292,0.026292
20,20,0.173708,0.00575
22,15,0.312082,0.006125
20,15,0.439584,0.0085
20,12,0.223708,0.002583
20,8,0.208043,0.002625
27,6,0.186042,0.002292
38,62,0.694877,0.028
20,16,0.288459,0.004416
20,145,0.492792,0.05725
14,41,0.300208,0.017458
21,16,0.400666,0.007166
20,36,0.798874,0.015708
20,55,0.728626,0.022709
20,19,0.288834,0.006167
20,617,1.16246,0.346792
20,89,0.867084,0.03025
21,34,0.545375,0.013709
20,11,0.347999,0.002833
20,12,0.232583,0.00325
20,30,0.25125,0.007334
20,10,0.277626,0.006959
24,15,0.64904,0.010375
20,7,0.085709,0.003542
20,9,0.130042,0.003667
30,40,0.42775,0.018292
20,7,0.229417,0.002917
20,69,0.228334,0.013083
20,110,0.614625,0.044208
20,34,0.471084,0.008709
21,99,0.600666,0.039208
20,17,0.656415,0.014583
20,19,0.086167,0.003667
20,38,0.186958,0.006833
8,103,0.319082,0.027291
20,13,0.187333,0.004417
8,9,0.20125,0.003542
24,7,0.185166,0.003666
20,19,0.307167,0.007625
20,30,0.304458,0.008958
24,36,0.419584,0.009167
20,69,0.797833,0.021916
21,7,0.258168,0.00325
32,41,0.482043,0.016959
4,9,0.226792,0.002208
20,103,0.277334,0.022959
24,8,0.212583,0.002667
20,20,0.473542,0.010584
20,106,0.550957,0.035541
20,27,0.408042,0.020083
24,14,0.450792,0.006208
20,17,0.258374,0.004708
4608,1383,0.599666,0.253791
357,12,0.265751,0.003458
52,18,0.278293,0.005459
152,14,0.330834,0.003958
27,14,0.230083,0.003333
20,19,0.269167,0.003792
25,15,0.257167,0.003458
192,14,0.755708,0.009792
1827,13,0.372875,0.004292
2025,13,0.444749,0.004333
52,14,0.406875,0.004209
20,46,0.310791,0.006083
132,20,0.354292,0.007375
20,41,0.37725,0.012583
56,21,0.232668,0.005
192,13,0.279625,0.003583
28,15,0.383292,0.004
26,14,0.25325,0.00325
352,13,0.2685,0.003875
88,13,0.537041,0.004583
20,16,0.357082,0.005041
20,22,0.223707,0.008042
30,14,0.283666,0.003958
30,14,0.312876,0.003958
20,19,0.251125,0.004542
10920,13,0.528042,0.005459
4500,13,0.337875,0.003792
21,82,0.656001,0.025042
36,13,0.242001,0.003458
28,13,0.212668,0.003167
20,18,0.299375,0.009458
200,17,0.5495,0.011917
88,13,0.410792,0.005083
138,34,1.22738,0.025333
156,16,0.161458,0.009834
87,18,0.478376,0.007917
32,14,0.241166,0.003291
20,63,0.435458,0.015875
22,14,0.243541,0.003916
20,38,0.361582,0.008833
72,12,0.263874,0.007
90,14,0.354125,0.004209
22,18,0.791667,0.012042
11466,12,0.258667,0.003292
58,13,0.223541,0.002875
12,30,0.286,0.00725
24,11,0.186374,0.0055
609,14,0.399876,0.004917
39,25,0.624835,0.009584
2394,11,0.458459,0.005667
24,14,0.226917,0.003667
48,14,0.402084,0.005792
153,12,0.240042,0.003666
20,21,0.313334,0.004916
20,15,0.347916,0.006875
80,13,0.227082,0.004458
110,13,0.214293,0.003375
20,19,0.201124,0.004
174,29,0.466499,0.012875
24,13,0.144792,0.003666
25,14,0.272834,0.003709
90,13,0.248417,0.003125
2450,11,0.355499,0.004167
72,14,0.132792,0.003542
22,17,0.995876,0.0095
34,13,0.358458,0.00675
35,17,0.153417,0.004792
650,14,0.142667,0.005
32,20,0.259835,0.005584
270,20,0.681125,0.01175
24,13,0.219459,0.00275
20,25,0.095959,0.005166
24,18,0.128501,0.004084
20,14,0.239458,0.0035
75,14,0.236084,0.00325
5832,25,1.01913,0.014
72,15,0.34471,0.006709
20,16,0.445832,0.007208
196,17,0.382001,0.007209
170,13,0.242334,0.002959
324,12,0.222833,0.005334
24,14,0.380292,0.006
40,31,0.235667,0.007625
1225,17,0.343668,0.004459
21,18,0.392126,0.00875
20,20,0.293042,0.005875
140,17,0.349334,0.004416
480,11,0.262166,0.003583
29106,12,0.257708,0.003291
24,27,0.63075,0.0055
29,15,0.182041,0.004625
360,12,0.234,0.004958
23,18,0.152917,0.004833
230,13,0.592875,0.006042
24,14,0.4205,0.004292
1820,18,0.438499,0.005208
24,15,0.285918,0.004917
448,20,0.671541,0.007292
189,36,0.382126,0.011417
22,15,0.115623,0.003791
42,12,0.127041,0.002583
288,22,0.411125,0.010708
20,13,0.315417,0.004375
33,13,0.151335,0.005959
90,16,0.578624,0.005458
21,23,0.203542,0.006792
30,14,0.599875,0.006125
21,16,0.231166,0.004041
350,14,0.130584,0.00725
96,16,0.386417,0.006875
20,16,0.128292,0.004
34,13,0.274958,0.003458
1539,17,0.521833,0.005708
20,16,0.283375,0.005833
264,12,0.255959,0.005459
36,19,0.336874,0.008792
75,11,0.252333,0.004792
198,37,0.503501,0.01225
168,15,0.412875,0.005459
52,13,0.261999,0.003
800,26,0.291167,0.011125
64,30,0.49054,0.010041
144,13,0.241167,0.002917
100,14,0.224166,0.002917
240,13,0.102875,0.003375
52,11,0.072749,0.003458
4410,11,0.321874,0.004083
29,13,0.421749,0.011541
26,14,0.289207,0.003708
27,13,0.406831,0.007041
120,13,0.169916,0.003667
375,14,0.316458,0.003625
72,13,0.223418,0.005209
24,20,0.28054,0.006833
350,16,0.395626,0.007542
20,17,0.249459,0.008
20,17,0.436375,0.005709
5236,25,0.617043,0.009667
87,14,0.329917,0.003708
192,15,0.327292,0.004584
168,13,0.875707,0.015708
24,14,0.177875,0.003417
77,17,0.746207,0.008208
26,51,0.395083,0.013417
50,111,0.508959,0.039625
476,13,0.160083,0.003583
76,14,0.265667,0.003167
11914,43,0.4155,0.012458
29,42,0.147833,0.013667
92,14,0.297794,0.003417
21,32,0.225459,0.008084
25,61,0.291292,0.018875
27,12,0.2915,0.003417
23,14,0.345958,0.005458
30,28,0.312584,0.009
22,16,0.216542,0.003167
42,12,0.391625,0.005125
1600,107,0.597251,0.03125
28,16,0.399584,0.004709
147,14,0.296125,0.004166
175,13,0.197583,0.003584
20,16,0.313042,0.005042
476,14,0.247917,0.003875
56,13,0.299499,0.003916
27,12,0.282208,0.006042
24,27,0.501416,0.009
96,12,0.266334,0.004209
1536,21,1.05667,0.01325
26,15,0.295626,0.005
63,49,0.684707,0.022625
20,17,0.202166,0.00525
63,52,0.284375,0.017458
20,23,0.19029,0.005916
585,13,0.27125,0.00325
48,19,0.29329,0.008458
20,36,0.361126,0.007292
5712,13,0.482249,0.004583
13200,20,0.812584,0.016125
44,10,0.534458,0.032416
40,43,0.733043,0.028209
20,15,0.917832,0.015791
56,13,0.558918,0.003792
30,143,0.382792,0.034959
27,14,0.290667,0.006708
31,27,0.345959,0.005917
45,12,0.280124,0.006125
20,17,0.396418,0.004917
20,14,0.274874,0.004291
32,14,0.267126,0.004
170,12,0.357874,0.003833
1176,12,0.57,0.00875
136,14,0.435291,0.004375
324,73,0.63925,0.0385
23,15,0.786083,0.009917
24,78,0.893375,0.032292
156,15,0.284959,0.003833
128,13,0.134042,0.003083
49,14,0.338291,0.004041
32,22,0.692499,0.010458
3600,16,0.277667,0.005
33,90,1.0145,0.033333
26,19,0.248167,0.006834
24,22,0.259791,0.004833
151620,26,0.438333,0.007208
414,21,0.349333,0.007041
48,32,0.365209,0.0095
1008,23,0.295083,0.005083
3645,43,0.325582,0.00875
21,26,0.281459,0.007917
84,17,0.484042,0.008125
21658,20,0.405167,0.005208
322,903,1.16321,0.259792
104,22,0.468418,0.005458
65,20,0.356709,0.005334
24,23,0.345916,0.005583
816,18,0.298083,0.005708
1392,20,0.468457,0.005917
3328,21,0.914084,0.012125
32,21,0.298834,0.004959
96,25,0.350334,0.00975
33,22,0.160749,0.006791
1232,20,0.342459,0.004625
224,64,0.907458,0.02375
98,22,0.336833,0.005542
630,70,0.376459,0.015375
2415,56,0.818583,0.019625
240,21,0.241334,0.003709
144,19,0.365042,0.010209
31,19,0.374708,0.007333
31,20,0.30275,0.006625
513,1132,0.770501,0.258375
23,19,0.226416,0.005791
33,20,0.152667,0.004666
30,20,0.325791,0.004417
34,22,0.304792,0.005875
192,22,0.407333,0.006417
20,104,0.459292,0.034625
2576,18,0.258583,0.007667
33,54,0.462375,0.02175
304,37,0.919959,0.013167
120,74,0.331291,0.018291
162,24,0.455124,0.008541
22,19,0.339374,0.007875
748,19,0.23275,0.004833
32,20,0.128542,0.005959
38,23,0.629625,0.006333
93,19,0.276459,0.004959
56,22,0.395125,0.006833
52,18,0.408458,0.004458
273,21,0.343501,0.005625
560,33,0.573041,0.011917
24,21,0.336833,0.006708
27,21,0.292125,0.005958
69,20,0.138042,0.004917
40,18,0.31175,0.006875
51,19,0.355873,0.005833
624,19,0.323084,0.005
96,53,0.344207,0.016708
3024,18,0.282959,0.003834
198,18,0.288749,0.006166
1440,20,0.304874,0.004333
64,21,0.32525,0.005375
150,16,0.522415,0.006625
1560,24,0.236958,0.009083
65,21,0.328042,0.00375
330,18,0.46825,0.008708
120,17,0.485376,0.006542
56,17,0.161542,0.005
11040,20,0.559001,0.00575
170,20,0.293,0.006208
186,18,0.234959,0.004959
112,17,0.205083,0.007666
30,24,0.461334,0.00825
102,18,0.220416,0.005083
260,20,0.573041,0.00825
21,21,0.286125,0.004834
104,19,0.42475,0.0095
168,19,0.2995,0.005042
372,41,0.473167,0.016292
138,21,0.276334,0.004
126,3015,1.24554,0.614708
42,20,0.425583,0.007209
27,19,0.261833,0.003625
36,21,0.273209,0.004459
35,21,0.116958,0.008417
8160,35,0.2985,0.009834
13860,18,0.381291,0.004833
58,21,0.352167,0.006458
50,20,0.210375,0.005375
1512,21,0.211957,0.003583
216,18,0.441334,0.007542
20,20,0.284251,0.004
96,21,0.320124,0.006333
36,98,0.473958,0.033542
56,19,0.41304,0.006166
364320,20,0.4935,0.005166
72,19,0.287959,0.008167
308,20,0.374542,0.007041
26,22,0.645124,0.007291
28,19,0.303959,0.009333
176,21,0.277292,0.004042
2145,25,0.599667,0.012375
207,368,0.414874,0.079708
19584,41,0.417042,0.01275
345,21,0.255625,0.004041
48,385,0.567749,0.085625
81,19,0.459583,0.008375
324,19,0.299749,0.009583
240,19,0.446666,0.008541
84,18,0.285542,0.005084
726,18,0.578752,0.007084
36,16,0.402251,0.006667
252,17,0.368168,0.004959
1728,19,0.17771,0.003959
26,26,0.612458,0.008292
1440,17,0.158541,0.005542
210,21,0.507958,0.0065
203,22,0.734334,0.007709
840,18,0.303749,0.003917
76,36,0.336834,0.009458
24,22,0.346208,0.004625
1320,20,0.195791,0.004708
2142,20,0.332374,0.004542
48,18,0.405125,0.0085
24,19,0.216334,0.005292
30628,20,0.276667,0.005542
36,22,0.302416,0.00575
25,23,0.323334,0.006209
6944,35,0.507042,0.015125
504,183,0.534376,0.029042
95,20,0.285166,0.006291
72,25,0.27525,0.005583
90,29,1.029,0.015292
34,22,0.29475,0.008166
25,16,0.357125,0.0055
1584,19,0.280833,0.004
20,31,0.471791,0.010375
36,19,0.284416,0.006708
4950,22,0.300041,0.00525
88,21,0.333501,0.007125
63,26,0.397709,0.0055
33,21,0.273958,0.005542
186,18,0.304833,0.005875
3000,20,0.314957,0.006458
96,23,0.333499,0.006291
24,105,0.209418,0.019167
27,22,0.310501,0.005167
162,18,0.496,0.005708
20,1474,0.835166,0.2715
52,20,0.329707,0.005041
1196,19,0.250416,0.003791
101088,75,0.237958,0.01925
20,23,0.264084,0.005458
21,22,0.281251,0.004
44,20,0.312458,0.00525
160,21,0.490417,0.00425
34,21,0.237,0.004375
48,20,0.629334,0.006584
756,37,0.411459,0.009917
22,21,1.09683,0.011375
27,52,0.458917,0.016667
72,17,0.327791,0.006958
5292,15,0.409876,0.005667
260,16,0.423041,0.005791
75,42,0.531374,0.016667
20,32,0.272916,0.009416
216,18,0.5975,0.004292
20,44,0.297251,0.006625
7056,17,0.263332,0.004583
31,20,0.356875,0.008542
1440,21,0.369208,0.00925
68,18,0.342959,0.006292
54,20,0.276708,0.005958
3240,20,0.256083,0.005458
24,24,0.315084,0.005875
24,28,0.467376,0.006708
60,21,0.388583,0.004666
34,19,0.388458,0.0055
20,22,0.477042,0.0095
24,23,0.431751,0.004833
20,27,0.27875,0.005792
54,554,0.765,0.18175
2016,18,0.229251,0.003917
28,20,0.427625,0.004625
42,916,1.13317,0.296709
23,19,0.392916,0.005625
130,23,0.361459,0.00575
81,25,0.403084,0.007125
132,22,0.507625,0.007792
55,23,0.360375,0.006
1482,18,0.339208,0.006042
26,21,0.746749,0.009833
182,19,0.245084,0.004667
168,41,0.4975,0.012083
320,401,0.573042,0.110333
4290,20,0.249124,0.006125
22,22,0.232749,0.003625
70,29,0.561333,0.011209
14300,16,0.397668,0.005459
126,190,0.718292,0.052
91,26,0.341042,0.007375
50,25,0.330459,0.008292
87,25,0.512459,0.013084
76,26,0.415042,0.007291
144,27,0.363125,0.009375
1056,26,0.398874,0.006291
24,27,0.230209,0.004792
828,26,0.343042,0.006458
10368,48,0.405334,0.01375
200,23,0.526,0.00675
396,29,0.483292,0.010333
364,25,0.309625,0.005667
264,69,0.385749,0.0125
160,27,0.476292,0.00675
51,27,0.286165,0.006291
20,25,0.326374,0.00775
96,29,0.394583,0.006875
288,26,0.621417,0.011209
156,20,0.349416,0.0075
25,27,0.513627,0.008709
432,27,0.412582,0.0085
96,30,0.545084,0.009417
2160,40,0.362542,0.010125
138,28,0.372792,0.006
21,27,0.244833,0.006416
736,35,0.545458,0.00975
448,27,0.680667,0.005167
20,57,0.816459,0.02275
264,26,0.759125,0.010625
2515968,26,0.302499,0.007166
1024,22,0.379583,0.009125
2880,31,0.716999,0.009833
1248,27,0.574541,0.009291
30,35,0.619624,0.009833
162,26,0.506666,0.007916
352,28,0.466957,0.00875
144,27,0.31325,0.005625
528,31,0.322542,0.008292
9384,31,0.660708,0.005792
36,27,0.331125,0.006042
208,26,0.418291,0.007958
324,21,0.600418,0.008542
816,25,0.245207,0.004666
1764,52,0.584666,0.017375
99,30,0.604583,0.010958
234,46,0.396666,0.014041
54,24,0.409499,0.007458
192,33,0.438876,0.009209
240,22,0.318666,0.00775
27,36,0.607708,0.011333
216,23,0.357042,0.009459
2970,28,0.318209,0.005417
155,27,0.270707,0.005333
792,34,0.605416,0.01025
22,27,0.42404,0.007916
26,26,0.349959,0.007333
21,171,0.415834,0.019667
21,25,0.628917,0.011417
480,29,0.608915,0.014666
35,3286,1.34013,0.798458
96,26,0.299168,0.005959
234,25,0.427542,0.008417
156240,25,0.32529,0.004833
7296,23,0.471,0.008708
900,28,0.359,0.006417
21,28,0.669416,0.009916
54,25,0.334124,0.006958
51,30,0.679834,0.011792
190,25,0.308417,0.006167
1485,22,0.649667,0.008584
24,71,0.642667,0.020375
1172080,23,0.381791,0.005458
380,25,0.375375,0.007792
162,26,0.313376,0.007625
28,32,0.341583,0.008458
875,42,0.256374,0.009083
552,28,0.4015,0.007541
40,28,0.368375,0.005542
114,23,0.399374,0.006541
3915,25,0.342083,0.01025
780,24,0.279501,0.006042
2268,34,0.784001,0.014333
22,24,0.438584,0.007167
50,645,0.802542,0.159375
2016,27,0.369292,0.005042
68,40,0.564167,0.013375
396,23,0.325291,0.005416
98,25,0.331875,0.007667
44,27,0.558876,0.008459
2808,28,0.423415,0.006625
24,30,0.757541,0.008416
578,24,0.492292,0.007375
84,53,0.583166,0.020834
288,25,0.47096,0.011417
1053,28,0.190459,0.006083
5040,25,0.367291,0.006875
144,28,0.723333,0.012292
1188,28,0.277583,0.005708
336,26,0.395084,0.007417
45472,23,0.164791,0.004916
8424,25,0.375042,0.010125
240,69,1.23717,0.031625
34,23,0.394125,0.007167
30,30,0.735875,0.009625
60,23,0.156835,0.006084
29,27,0.569793,0.0115
36,31,0.337459,0.009042
40,23,0.361543,0.009375
55,39,0.460917,0.010625
156,26,0.819834,0.008917
320,27,0.334043,0.007667
132,45,0.80171,0.017667
680,26,0.292,0.005042
220,29,0.278,0.005042
50,36,0.391292,0.011333
96,25,0.315541,0.006625
84,259,0.625666,0.076708
14076,24,0.384708,0.007167
288,24,0.309833,0.005708
1352,26,0.416125,0.0075
30,26,0.334167,0.005958
36,4839,1.773,1.42392
3420,23,0.672376,0.008584
30,41,0.574292,0.010584
24,24,0.401833,0.007292
2240,25,0.342667,0.006125
464,23,0.380667,0.010167
1344,25,0.231124,0.006666
30,26,0.281083,0.007291
216,28,0.350958,0.005792
1080,26,0.410833,0.005792
20,34,0.262293,0.007042
224,36,0.490792,0.010042
80,26,0.646041,0.006625
66,28,0.255082,0.008083
208,27,0.4395,0.005625
620,24,0.327916,0.005792
21,34,0.461833,0.008709
84,28,0.203583,0.005167
60,23,0.452583,0.007
1610,39,0.407833,0.009708
168,27,0.439001,0.008667
35,24,0.173791,0.005708
286,25,0.422625,0.007333
25344,25,0.480334,0.009167
32,17015,5.55167,4.32329
65,27,0.626958,0.010667
140,31,0.517709,0.008167
22,30,0.568249,0.00725
24,1120,0.572458,0.160875
256,22,0.586832,0.009291
1344,27,0.337958,0.008458
24,31,0.471709,0.009792
93,489322,199.825,199.092
24,20,0.375875,0.0075
580,28,0.574583,0.006833
525,25,0.259708,0.005666
48,26,0.279291,0.006708
72,24,0.314083,0.005875
115,28,0.728166,0.007625
28,26,0.267666,0.005458
120,27,0.253416,0.00775
1210,27,0.335168,0.006125
36,30,0.317501,0.006375
24,28,0.473667,0.006625
28,26,0.393876,0.008625
120,29,0.401167,0.006375
1155,27,0.386625,0.005583
24,31,0.28296,0.005583
76296,29,0.271833,0.007
208,30,0.524833,0.007625
24,28,0.362542,0.010167
4608,27,0.482041,0.008333
405,37,0.780042,0.011709
45,28,0.272166,0.005542
23,73,0.60225,0.026917
504,27,0.339916,0.007125
816,24,0.41854,0.007416
260,38,0.648834,0.0135
54,23,0.46375,0.007625
1728,36,0.438626,0.010042
396,74,0.613,0.01425
32,28,0.293542,0.007084
224,27,0.281208,0.0065
34224,24,0.261457,0.006083
40,36,0.587541,0.012541
135,34,0.621208,0.012125
162,28,0.307333,0.004333
810,26,0.550584,0.008125
24,24,0.391583,0.008167
130,31,0.461834,0.007375
69,27,0.298209,0.009792
64,26,0.509167,0.006542
112,24,0.356166,0.008208
264,49,0.47525,0.010292
30,47,0.793249,0.015125
450,26,0.3135,0.006792
171,29,0.443458,0.00925
880,101,0.624542,0.02925
30,10,0.456833,0.008542
6,12,0.223041,0.003
20,13,0.159457,0.002333
20,8,0.473707,0.005167
20,39,0.375876,0.014458
38,11,0.204792,0.003792
22,5,0.224668,0.001917
8,18,0.234377,0.005459
26,7,0.706917,0.0045
23,9,0.205917,0.002583
66,23,0.242209,0.006
4,8,0.186624,0.00225
27,10,0.291625,0.00425
38,9,0.581332,0.004791
20,23,0.600249,0.008458
21,7,0.181917,0.00175
20,40,0.425248,0.008958
20,12,0.232791,0.003375
64,6,0.616042,0.003875
22,8,0.539708,0.004125
30,7,0.758249,0.007208
31,7,0.200834,0.002875
20,10,0.324668,0.003125
19,7,0.1875,0.0025
32,7,0.735624,0.005125
20,19,0.244417,0.005125
20,7,0.35225,0.00275
20,22,0.214499,0.005167
32,22,0.807166,0.011791
27,8,0.507292,0.004334
20,7,0.204833,0.002084
46,8,0.238917,0.003083
20,32,0.47421,0.011084
36,12,0.382708,0.008958
26,7,0.773876,0.006459
20,25,0.27975,0.00575
21,29,0.439584,0.012292
32,25,0.315417,0.007917
100,11,0.334335,0.005084
32,6,0.211667,0.002792
20,8,0.108458,0.004125
30,7,0.334583,0.003208
36,6,0.23125,0.001792
220,26,0.37175,0.011125
23,8,0.332626,0.004042
9,11,0.207375,0.0025
28,10,0.560334,0.01
30,8,0.833375,0.005833
24,7,0.658001,0.004209
120,7,0.250293,0.002834
38,7,0.245499,0.002208
22,27,0.291709,0.008542
57,6,0.215624,0.001542
20,7,0.638625,0.005709
27,6,0.380499,0.002875
21,7,0.174875,0.004875
26,7,0.602084,0.00525
20,11,0.267208,0.002833
66,7,0.476,0.004209
21,9,0.254334,0.003042
28,7,0.487416,0.0045
26,6,0.3895,0.003125
7,25,0.219375,0.00625
22,9,0.086834,0.002916
21,8,0.284418,0.0025
22,8,0.748293,0.0065
20,9,0.693292,0.006042
30,11,0.727375,0.010416
36,6,0.200126,0.001875
26,7,0.624833,0.0075
32,6,0.238333,0.003083
34,10,0.422292,0.004334
23,28,0.328959,0.008209
25,15,0.092959,0.005833
22,21,0.285333,0.008166
32,7,0.742459,0.005209
192,6,0.756917,0.004125
20,53,0.324084,0.014292
30,34,0.350917,0.013666
3,6,0.20325,0.001875
31,35,0.484,0.011
21,9,0.214332,0.003791
22,7,0.575917,0.004959
26,12,0.395124,0.004458
20,18,0.176209,0.006667
20,16,0.325042,0.004208
20,40,0.3955,0.008375
32,51,0.6,0.019
26,7,0.654125,0.00525
21,23,0.216459,0.006125
23,7,0.492625,0.004375
32,7,0.226875,0.002167
600,14,0.265833,0.006333
323,6,0.509292,0.003042
21,13,0.476958,0.005125
20,12,0.449751,0.00575
448,9,0.516626,0.007375
20,9,0.265418,0.00275
20,19,0.253918,0.005959
26,9,0.773792,0.005833
40,6,0.241292,0.001917
29,13,0.779499,0.011666
15,8,0.205083,0.002917
20,40,0.141084,0.008667
20,20,0.10675,0.003084
24,7,0.531625,0.008958
32,7,0.082541,0.0025
20,19,0.454167,0.006792
20,11,0.338126,0.0045
1,7,0.198876,0.001917
21,8,0.503541,0.003542
20,9,0.23146,0.002417
20,8,0.305916,0.003416
20,334,0.327708,0.065333
22,9,0.220208,0.002625
24,9,0.712375,0.0055
24,7,0.30671,0.004667
20,16,0.572583,0.009417
702,7,0.268792,0.002958
70,9,0.229376,0.002917
288,6,0.526499,0.003583
54,8,0.440501,0.005042
24,10,0.49875,0.008292
21,11,0.731916,0.006291
20,22,0.482667,0.008041
31,7,0.757917,0.004542
42,6,0.19375,0.001958
52,6,0.260252,0.002792
30,6,0.632707,0.008458
20,18,0.252165,0.005666
20,28,0.284916,0.010542
20,78,0.342584,0.027209
20,13,0.208416,0.00425
31,7,0.455584,0.003584
20,35,0.304834,0.01225
20,38,0.695458,0.012375
20,19,0.744835,0.011834
20,23,0.318917,0.006792
31,5,0.573541,0.007375
12,9,0.128541,0.003
30,6,0.134542,0.002542
22,7,0.505999,0.004208
22,36,0.397417,0.012292
26,23,0.33671,0.008667
28,9,0.191541,0.003125
20,12,0.260708,0.002917
48,7,0.182707,0.0055
27,8,0.78075,0.005375
31,7,0.737458,0.004917
21,38,0.32271,0.012042
20,13,0.255916,0.005458
330,12,0.280208,0.005167
78,8,0.396874,0.005083
36,6,0.258208,0.002292
20,6,0.084834,0.004125
50,7,0.260749,0.003208
24,11,0.646,0.007667
20,11,0.300793,0.003375
20,199,0.503041,0.061875
210,6,0.37125,0.002625
21,19,0.365666,0.007541
24,10,0.70829,0.010833
30,6,0.692041,0.008208
26,7,0.273834,0.003333
288,6,0.504208,0.005083
32,7,0.863583,0.005458
21,8,0.459249,0.004083
20,13,0.382542,0.004125
30,7,0.162583,0.003125
44,7,0.243499,0.002625
20,14,0.415625,0.005958
24,5,0.734625,0.003792
20,6,0.127667,0.002125
360,6,0.291833,0.004375
23,7,0.375042,0.004166
20,7,0.150751,0.002792
20,47,0.24,0.009625
26,8,0.677041,0.005916
21,8,0.432708,0.004959
27,10,0.606792,0.00525
216,10,0.727083,0.007458
24,7,0.212625,0.002375
36,6,0.087833,0.002875
22,55,0.317167,0.014667
31,14,0.41775,0.005791
22,8,0.172125,0.005875
27,7,0.296792,0.003792
20,8,0.116708,0.003625
20,58,0.366208,0.013
31,7,0.403749,0.003833
20,7,0.762208,0.00525
21,10,0.267083,0.003583
36,7,0.343459,0.003125
20,7,0.192749,0.005708
25,7,0.183376,0.002459
24,9,0.131458,0.003583
36,13,0.358959,0.007375
21,26,0.454083,0.010416
20,26,0.61825,0.007917
38,16,0.371666,0.006458
